,jackpot,2nd,3rd,4th,5th,6th,7th,8th,9th,no_match
trial 1,0.0,0.0,0.0,7e-05,0.0001,0.00153,0.00133,0.01123,0.027,0.95874
trial 2,0.0,0.0,0.0,4e-05,5e-05,0.00162,0.00154,0.01103,0.0273,0.95842
trial 3,0.0,0.0,0.0,2e-05,8e-05,0.00181,0.00147,0.01089,0.02731,0.95842
trial 4,0.0,0.0,0.0,1e-05,7e-05,0.00146,0.00132,0.01136,0.02726,0.95852
trial 5,0.0,0.0,0.0,3e-05,8e-05,0.00157,0.00158,0.0111,0.02807,0.95757
trial 6,0.0,0.0,0.0,4e-05,0.00014,0.0017,0.00151,0.01078,0.02693,0.9589
trial 7,0.0,0.0,0.0,2e-05,9e-05,0.00159,0.00154,0.01121,0.02765,0.9579
trial 8,0.0,0.0,0.0,2e-05,5e-05,0.00169,0.00142,0.0113,0.02731,0.95821
trial 9,0.0,0.0,0.0,5e-05,6e-05,0.00171,0.00144,0.01161,0.02607,0.95906
trial 10,0.0,0.0,0.0,6e-05,5e-05,0.00171,0.00134,0.0107,0.02767,0.95847
trial 11,0.0,0.0,1e-05,1e-05,0.00011,0.0015,0.00159,0.0109,0.02797,0.95791
trial 12,0.0,0.0,0.0,7e-05,9e-05,0.00181,0.00133,0.01099,0.02665,0.95906
trial 13,0.0,0.0,0.0,2e-05,7e-05,0.00167,0.00147,0.01131,0.02668,0.95878
trial 14,0.0,0.0,0.0,1e-05,5e-05,0.00157,0.0015,0.01126,0.02676,0.95885
trial 15,0.0,0.0,0.0,3e-05,7e-05,0.0017,0.00156,0.0105,0.02821,0.95793
trial 16,0.0,0.0,0.0,4e-05,6e-05,0.00143,0.00145,0.01074,0.02749,0.95879
trial 17,0.0,0.0,0.0,2e-05,5e-05,0.00144,0.0015,0.01103,0.02798,0.95798
trial 18,0.0,0.0,0.0,1e-05,7e-05,0.00173,0.00149,0.01118,0.02621,0.95931
trial 19,0.0,0.0,0.0,2e-05,0.00012,0.0015,0.00143,0.01094,0.02798,0.95801
trial 20,0.0,0.0,0.0,4e-05,7e-05,0.00155,0.00154,0.01063,0.02691,0.95926
trial 21,0.0,0.0,0.0,0.0,5e-05,0.00186,0.0015,0.01099,0.02743,0.95817
trial 22,0.0,0.0,1e-05,2e-05,9e-05,0.00156,0.00148,0.01108,0.02784,0.95792
trial 23,0.0,0.0,0.0,3e-05,0.0001,0.00133,0.00142,0.01073,0.02703,0.95936
trial 24,0.0,0.0,1e-05,4e-05,0.0001,0.00161,0.00136,0.01096,0.02684,0.95908
trial 25,0.0,0.0,0.0,5e-05,3e-05,0.00167,0.00138,0.01121,0.02734,0.95832
trial 26,0.0,0.0,0.0,2e-05,1e-05,0.00174,0.00141,0.01169,0.0279,0.95723
trial 27,0.0,0.0,0.0,0.0,9e-05,0.00156,0.00142,0.01047,0.02708,0.95938
trial 28,0.0,0.0,0.0,1e-05,7e-05,0.00183,0.00115,0.01151,0.02678,0.95865
trial 29,0.0,0.0,1e-05,3e-05,2e-05,0.00196,0.00155,0.01112,0.02759,0.95772
trial 30,0.0,0.0,0.0,0.0,8e-05,0.00184,0.00153,0.01148,0.02718,0.95789
trial 31,0.0,0.0,1e-05,1e-05,8e-05,0.00168,0.00156,0.01088,0.02655,0.95923
trial 32,0.0,0.0,0.0,2e-05,8e-05,0.0015,0.00126,0.0113,0.02653,0.95931
trial 33,0.0,0.0,0.0,1e-05,3e-05,0.00179,0.00119,0.01083,0.02658,0.95957
trial 34,0.0,0.0,0.0,1e-05,8e-05,0.00163,0.0013,0.01056,0.02699,0.95943
trial 35,0.0,0.0,0.0,3e-05,8e-05,0.00163,0.00135,0.01141,0.02757,0.95793
trial 36,0.0,0.0,0.0,1e-05,4e-05,0.00159,0.00147,0.01122,0.02758,0.95809
trial 37,0.0,0.0,0.0,2e-05,5e-05,0.00191,0.00127,0.01167,0.02793,0.95715
trial 38,0.0,0.0,0.0,2e-05,0.0001,0.00157,0.00133,0.01121,0.02674,0.95903
trial 39,0.0,0.0,0.0,2e-05,7e-05,0.00173,0.0014,0.01128,0.02635,0.95915
trial 40,0.0,0.0,0.0,2e-05,7e-05,0.00174,0.00157,0.01127,0.02733,0.958
trial 41,0.0,0.0,0.0,1e-05,6e-05,0.00175,0.0012,0.01116,0.02787,0.95795
trial 42,0.0,0.0,1e-05,0.0,5e-05,0.00165,0.00143,0.01073,0.02705,0.95908
trial 43,0.0,0.0,0.0,1e-05,3e-05,0.00153,0.0015,0.01099,0.02751,0.95843
trial 44,0.0,0.0,0.0,3e-05,4e-05,0.00147,0.00141,0.01156,0.02764,0.95785
trial 45,0.0,0.0,0.0,3e-05,5e-05,0.00182,0.00124,0.01064,0.02769,0.95853
trial 46,0.0,0.0,0.0,2e-05,5e-05,0.00171,0.00141,0.01146,0.02862,0.95673
trial 47,0.0,0.0,0.0,6e-05,0.0001,0.00154,0.00148,0.01145,0.02663,0.95874
trial 48,0.0,0.0,0.0,1e-05,4e-05,0.00172,0.00156,0.01051,0.02809,0.95807
trial 49,0.0,0.0,0.0,1e-05,6e-05,0.00182,0.00132,0.01192,0.02689,0.95798
trial 50,0.0,0.0,0.0,2e-05,7e-05,0.00168,0.00133,0.0109,0.02812,0.95788
trial 51,0.0,0.0,0.0,1e-05,9e-05,0.00172,0.00131,0.01087,0.02711,0.95889
trial 52,0.0,0.0,0.0,5e-05,0.0001,0.00156,0.00122,0.01133,0.02829,0.95745
trial 53,0.0,0.0,0.0,3e-05,6e-05,0.00165,0.00143,0.01134,0.02681,0.95868
trial 54,0.0,0.0,0.0,5e-05,4e-05,0.00152,0.00125,0.01107,0.02696,0.95911
trial 55,0.0,0.0,0.0,2e-05,0.00012,0.00151,0.00159,0.01076,0.02686,0.95914
trial 56,0.0,0.0,0.0,1e-05,6e-05,0.0018,0.00133,0.01072,0.02627,0.95981
trial 57,0.0,0.0,1e-05,1e-05,5e-05,0.00173,0.00146,0.0113,0.0273,0.95814
trial 58,0.0,0.0,0.0,1e-05,6e-05,0.00159,0.00152,0.01196,0.02637,0.95849
trial 59,0.0,0.0,0.0,4e-05,0.00012,0.00157,0.00165,0.01171,0.02703,0.95788
trial 60,0.0,0.0,0.0,1e-05,0.0001,0.00162,0.00144,0.01093,0.0269,0.959
trial 61,0.0,0.0,1e-05,1e-05,0.00011,0.00168,0.0013,0.0114,0.02727,0.95822
trial 62,0.0,0.0,0.0,1e-05,5e-05,0.00184,0.00162,0.01116,0.02816,0.95716
trial 63,0.0,0.0,0.0,1e-05,8e-05,0.00172,0.00137,0.01058,0.02766,0.95858
trial 64,0.0,0.0,0.0,0.0,6e-05,0.00189,0.00135,0.0111,0.02782,0.95778
trial 65,0.0,0.0,0.0,0.0,8e-05,0.00158,0.00132,0.01078,0.02756,0.95868
trial 66,0.0,0.0,0.0,2e-05,8e-05,0.00168,0.00132,0.01158,0.02781,0.95751
trial 67,0.0,0.0,0.0,3e-05,7e-05,0.0016,0.00148,0.01066,0.02725,0.95891
trial 68,0.0,0.0,0.0,4e-05,3e-05,0.00166,0.00143,0.01164,0.02707,0.95813
trial 69,0.0,0.0,0.0,4e-05,6e-05,0.00177,0.00136,0.01065,0.02746,0.95866
trial 70,0.0,0.0,0.0,4e-05,5e-05,0.00166,0.00132,0.01091,0.0277,0.95832
trial 71,0.0,0.0,0.0,5e-05,9e-05,0.0015,0.00139,0.01156,0.02776,0.95765
trial 72,0.0,0.0,0.0,3e-05,3e-05,0.00157,0.00152,0.01153,0.02667,0.95865
trial 73,0.0,0.0,1e-05,6e-05,6e-05,0.00171,0.00161,0.01147,0.02651,0.95857
trial 74,0.0,0.0,0.0,2e-05,5e-05,0.0016,0.00148,0.01113,0.02606,0.95966
trial 75,0.0,0.0,0.0,4e-05,0.00013,0.0017,0.00146,0.01164,0.02713,0.9579
trial 76,0.0,0.0,0.0,1e-05,9e-05,0.00161,0.00149,0.01058,0.0276,0.95862
trial 77,0.0,0.0,0.0,0.0,0.00015,0.00135,0.00162,0.01091,0.02752,0.95845
trial 78,0.0,0.0,0.0,2e-05,9e-05,0.0015,0.0014,0.01176,0.02742,0.95781
trial 79,0.0,0.0,0.0,3e-05,0.0001,0.00155,0.00142,0.01105,0.02701,0.95884
trial 80,0.0,0.0,1e-05,1e-05,5e-05,0.00156,0.00139,0.01131,0.02637,0.9593
trial 81,0.0,0.0,0.0,5e-05,4e-05,0.0017,0.00126,0.01169,0.02644,0.95882
trial 82,0.0,0.0,0.0,0.0,4e-05,0.00165,0.00159,0.01081,0.02643,0.95948
trial 83,0.0,0.0,0.0,9e-05,7e-05,0.00161,0.00137,0.01094,0.02701,0.95891
trial 84,0.0,0.0,0.0,1e-05,3e-05,0.00139,0.00128,0.01079,0.02806,0.95844
trial 85,0.0,0.0,0.0,2e-05,5e-05,0.00177,0.00151,0.01169,0.02708,0.95788
trial 86,0.0,0.0,0.0,4e-05,5e-05,0.00156,0.00143,0.01084,0.02734,0.95874
trial 87,0.0,0.0,0.0,1e-05,6e-05,0.00167,0.00147,0.01071,0.02671,0.95937
trial 88,0.0,0.0,0.0,2e-05,0.0,0.00153,0.00156,0.01113,0.02765,0.95811
trial 89,0.0,0.0,0.0,0.0,0.0001,0.00211,0.00151,0.01166,0.02783,0.95679
trial 90,0.0,0.0,0.0,4e-05,8e-05,0.00174,0.00157,0.01107,0.0273,0.9582
trial 91,0.0,0.0,0.0,3e-05,7e-05,0.00162,0.00125,0.01087,0.02743,0.95873
trial 92,0.0,0.0,1e-05,2e-05,0.00012,0.00169,0.00154,0.01111,0.02802,0.95749
trial 93,0.0,0.0,0.0,2e-05,2e-05,0.00152,0.00155,0.01149,0.02732,0.95808
trial 94,0.0,0.0,0.0,2e-05,0.00011,0.00185,0.00154,0.011,0.02708,0.9584
trial 95,0.0,0.0,0.0,2e-05,4e-05,0.0016,0.00151,0.01149,0.02639,0.95895
trial 96,0.0,0.0,1e-05,3e-05,8e-05,0.00178,0.00153,0.0111,0.02694,0.95853
trial 97,0.0,0.0,1e-05,1e-05,5e-05,0.00152,0.00134,0.01136,0.0271,0.95861
trial 98,0.0,0.0,0.0,1e-05,8e-05,0.00168,0.00123,0.01116,0.02716,0.95868
trial 99,0.0,0.0,0.0,2e-05,9e-05,0.0018,0.00123,0.01123,0.0271,0.95853
trial 100,0.0,0.0,0.0,1e-05,9e-05,0.00155,0.0015,0.01148,0.02646,0.95891
trial 101,0.0,0.0,0.0,2e-05,4e-05,0.00167,0.00145,0.01079,0.02728,0.95875
trial 102,0.0,0.0,0.0,4e-05,5e-05,0.00164,0.00126,0.01127,0.02729,0.95845
trial 103,0.0,0.0,0.0,4e-05,9e-05,0.00173,0.00132,0.01024,0.02629,0.96029
trial 104,0.0,0.0,0.0,5e-05,6e-05,0.00162,0.00142,0.01096,0.02627,0.95962
trial 105,0.0,0.0,0.0,5e-05,0.0001,0.0017,0.00154,0.01121,0.02689,0.95851
trial 106,0.0,0.0,0.0,0.0,0.0001,0.00157,0.00149,0.0114,0.02737,0.95807
trial 107,0.0,0.0,0.0,0.0,5e-05,0.00162,0.00158,0.01121,0.02735,0.95819
trial 108,0.0,0.0,0.0,1e-05,3e-05,0.0016,0.00157,0.0115,0.0266,0.95869
trial 109,0.0,0.0,0.0,7e-05,6e-05,0.00175,0.00158,0.01094,0.02758,0.95802
trial 110,0.0,0.0,0.0,4e-05,1e-05,0.00167,0.00149,0.0108,0.02735,0.95864
trial 111,0.0,0.0,0.0,1e-05,5e-05,0.00168,0.00151,0.01108,0.02776,0.95791
trial 112,0.0,0.0,0.0,1e-05,9e-05,0.00163,0.00153,0.01137,0.02671,0.95866
trial 113,0.0,0.0,0.0,2e-05,2e-05,0.00171,0.00136,0.01146,0.02775,0.95768
trial 114,0.0,0.0,1e-05,2e-05,3e-05,0.0017,0.00157,0.01111,0.02717,0.95839
trial 115,0.0,0.0,0.0,5e-05,6e-05,0.00173,0.00132,0.01079,0.02761,0.95844
trial 116,0.0,0.0,1e-05,5e-05,4e-05,0.00156,0.00135,0.01113,0.02754,0.95832
trial 117,0.0,0.0,0.0,1e-05,5e-05,0.00172,0.0015,0.01082,0.02768,0.95822
trial 118,0.0,0.0,0.0,1e-05,2e-05,0.00162,0.00135,0.01111,0.02776,0.95813
trial 119,0.0,0.0,0.0,3e-05,7e-05,0.00172,0.00128,0.01086,0.02686,0.95918
trial 120,0.0,0.0,0.0,3e-05,4e-05,0.00163,0.00153,0.01106,0.0272,0.95851
trial 121,0.0,0.0,0.0,3e-05,7e-05,0.00157,0.00143,0.01112,0.02657,0.95921
trial 122,0.0,0.0,0.0,3e-05,6e-05,0.00162,0.00143,0.01079,0.02757,0.9585
trial 123,0.0,0.0,0.0,3e-05,8e-05,0.00174,0.00144,0.01128,0.02773,0.9577
trial 124,0.0,0.0,0.0,4e-05,8e-05,0.0016,0.00119,0.01088,0.0273,0.95891
trial 125,0.0,0.0,0.0,5e-05,7e-05,0.00172,0.00121,0.0108,0.02674,0.95941
trial 126,0.0,0.0,0.0,2e-05,5e-05,0.00169,0.00138,0.01134,0.02622,0.9593
trial 127,0.0,0.0,1e-05,1e-05,5e-05,0.00181,0.00144,0.01129,0.02735,0.95804
trial 128,0.0,0.0,0.0,2e-05,5e-05,0.00128,0.00172,0.01146,0.02611,0.95936
trial 129,0.0,0.0,0.0,1e-05,7e-05,0.00164,0.00132,0.01134,0.02781,0.95781
trial 130,0.0,0.0,0.0,2e-05,8e-05,0.00152,0.0013,0.01094,0.02773,0.95841
trial 131,0.0,0.0,0.0,2e-05,0.00013,0.00166,0.00135,0.01117,0.02665,0.95902
trial 132,0.0,0.0,1e-05,3e-05,7e-05,0.00172,0.00127,0.01147,0.02733,0.9581
trial 133,0.0,0.0,0.0,6e-05,6e-05,0.00177,0.00134,0.01166,0.02772,0.95739
trial 134,0.0,0.0,0.0,2e-05,8e-05,0.00147,0.00148,0.01133,0.02698,0.95864
trial 135,0.0,0.0,0.0,2e-05,7e-05,0.00175,0.00181,0.01108,0.02649,0.95878
trial 136,0.0,0.0,0.0,4e-05,4e-05,0.00182,0.00142,0.01167,0.02666,0.95835
trial 137,0.0,0.0,1e-05,4e-05,0.00011,0.00188,0.00151,0.01069,0.0281,0.95766
trial 138,0.0,0.0,0.0,2e-05,6e-05,0.00141,0.00153,0.01164,0.02683,0.95851
trial 139,0.0,0.0,0.0,2e-05,2e-05,0.00169,0.0014,0.01113,0.02799,0.95775
trial 140,0.0,0.0,0.0,3e-05,8e-05,0.00168,0.0014,0.01146,0.02709,0.95826
trial 141,0.0,0.0,0.0,2e-05,5e-05,0.00184,0.00146,0.01123,0.02796,0.95744
trial 142,0.0,0.0,0.0,1e-05,6e-05,0.00168,0.00133,0.011,0.02644,0.95948
trial 143,0.0,0.0,0.0,5e-05,0.0001,0.00143,0.00136,0.01157,0.02637,0.95912
trial 144,0.0,0.0,0.0,3e-05,7e-05,0.00155,0.00147,0.01089,0.02694,0.95905
trial 145,0.0,0.0,0.0,3e-05,6e-05,0.00149,0.00135,0.01097,0.02772,0.95838
trial 146,0.0,0.0,0.0,5e-05,7e-05,0.00164,0.00129,0.01119,0.02757,0.95819
trial 147,0.0,0.0,0.0,2e-05,5e-05,0.00171,0.00159,0.01147,0.02664,0.95852
trial 148,0.0,0.0,0.0,1e-05,5e-05,0.00143,0.00113,0.01154,0.02784,0.958
trial 149,0.0,0.0,0.0,1e-05,8e-05,0.00155,0.00145,0.01102,0.02751,0.95838
trial 150,0.0,0.0,0.0,2e-05,0.00012,0.00146,0.00153,0.01094,0.02791,0.95802
trial 151,0.0,0.0,0.0,1e-05,7e-05,0.00152,0.00146,0.01167,0.02794,0.95733
trial 152,0.0,0.0,0.0,4e-05,6e-05,0.00147,0.00158,0.01142,0.02721,0.95822
trial 153,0.0,0.0,0.0,3e-05,0.0001,0.0017,0.00149,0.01126,0.02723,0.95819
trial 154,0.0,0.0,1e-05,1e-05,0.0001,0.00174,0.0014,0.01138,0.02662,0.95874
trial 155,0.0,0.0,0.0,1e-05,5e-05,0.00152,0.00142,0.01128,0.02714,0.95858
trial 156,0.0,0.0,0.0,4e-05,4e-05,0.00177,0.00134,0.01051,0.0284,0.9579
trial 157,0.0,0.0,0.0,1e-05,5e-05,0.00152,0.00133,0.01132,0.02743,0.95834
trial 158,0.0,0.0,1e-05,4e-05,5e-05,0.00177,0.00127,0.01124,0.02703,0.95859
trial 159,0.0,0.0,0.0,0.0,3e-05,0.00138,0.00144,0.01116,0.02737,0.95862
trial 160,0.0,0.0,0.0,4e-05,0.00012,0.00166,0.00138,0.01206,0.0278,0.95694
trial 161,0.0,0.0,0.0,2e-05,9e-05,0.00161,0.00145,0.01083,0.02653,0.95947
trial 162,0.0,0.0,0.0,1e-05,8e-05,0.00186,0.00146,0.01058,0.02751,0.9585
trial 163,0.0,0.0,0.0,1e-05,5e-05,0.00175,0.00145,0.0114,0.02742,0.95792
trial 164,0.0,0.0,0.0,5e-05,7e-05,0.00189,0.00154,0.01121,0.02681,0.95843
trial 165,0.0,0.0,1e-05,3e-05,0.00011,0.00156,0.00138,0.01107,0.0269,0.95894
trial 166,0.0,0.0,0.0,4e-05,6e-05,0.00162,0.00151,0.01081,0.02709,0.95887
trial 167,0.0,0.0,0.0,5e-05,6e-05,0.00173,0.00122,0.01141,0.02754,0.95799
trial 168,0.0,0.0,0.0,2e-05,7e-05,0.00163,0.00155,0.0114,0.02793,0.9574
trial 169,0.0,0.0,0.0,3e-05,4e-05,0.00153,0.00146,0.01174,0.02791,0.95729
trial 170,0.0,0.0,0.0,1e-05,7e-05,0.00179,0.00146,0.01175,0.02711,0.95781
trial 171,0.0,0.0,0.0,5e-05,7e-05,0.00164,0.00152,0.01107,0.02836,0.95729
trial 172,0.0,0.0,0.0,3e-05,4e-05,0.00179,0.00125,0.01146,0.0261,0.95933
trial 173,0.0,0.0,0.0,5e-05,2e-05,0.00153,0.00162,0.0107,0.02804,0.95804
trial 174,0.0,0.0,0.0,2e-05,9e-05,0.00155,0.00162,0.01074,0.02716,0.95882
trial 175,0.0,0.0,0.0,5e-05,8e-05,0.00156,0.00157,0.01057,0.02691,0.95926
trial 176,0.0,0.0,0.0,7e-05,6e-05,0.00153,0.00157,0.01118,0.02685,0.95874
trial 177,0.0,0.0,0.0,2e-05,0.0001,0.0016,0.0015,0.01149,0.02651,0.95878
trial 178,0.0,0.0,0.0,3e-05,9e-05,0.00156,0.00139,0.01105,0.02624,0.95964
trial 179,0.0,0.0,0.0,1e-05,0.0001,0.00174,0.00148,0.01146,0.02638,0.95883
trial 180,0.0,0.0,0.0,4e-05,0.00012,0.00151,0.0016,0.01049,0.02584,0.9604
trial 181,0.0,0.0,0.0,3e-05,5e-05,0.00152,0.00135,0.01109,0.02687,0.95909
trial 182,0.0,0.0,0.0,5e-05,9e-05,0.00167,0.00142,0.0115,0.02666,0.95861
trial 183,0.0,0.0,0.0,5e-05,6e-05,0.00173,0.00145,0.01128,0.02655,0.95888
trial 184,0.0,0.0,0.0,1e-05,9e-05,0.00141,0.00139,0.01142,0.02753,0.95815
trial 185,0.0,0.0,1e-05,3e-05,7e-05,0.00163,0.00145,0.01177,0.027,0.95804
trial 186,0.0,0.0,2e-05,1e-05,4e-05,0.00165,0.00156,0.01087,0.0266,0.95925
trial 187,0.0,0.0,0.0,1e-05,5e-05,0.00161,0.0014,0.01084,0.0267,0.95939
trial 188,0.0,0.0,0.0,1e-05,7e-05,0.00166,0.00159,0.01105,0.02659,0.95903
trial 189,0.0,0.0,0.0,7e-05,7e-05,0.00151,0.00164,0.01118,0.02816,0.95737
trial 190,0.0,0.0,0.0,1e-05,5e-05,0.00137,0.00149,0.01103,0.02774,0.95831
trial 191,0.0,0.0,0.0,3e-05,6e-05,0.00176,0.00132,0.0108,0.0277,0.95833
trial 192,0.0,0.0,0.0,4e-05,7e-05,0.0016,0.00148,0.01104,0.02665,0.95912
trial 193,0.0,0.0,0.0,4e-05,3e-05,0.00176,0.00172,0.01112,0.02718,0.95815
trial 194,0.0,0.0,0.0,1e-05,8e-05,0.00174,0.00143,0.01079,0.02806,0.95789
trial 195,0.0,0.0,1e-05,4e-05,7e-05,0.00143,0.00153,0.01132,0.02677,0.95883
trial 196,0.0,0.0,0.0,1e-05,0.0001,0.00186,0.00151,0.01144,0.02727,0.95781
trial 197,0.0,0.0,0.0,1e-05,3e-05,0.00152,0.0015,0.0114,0.02664,0.9589
trial 198,0.0,0.0,0.0,2e-05,7e-05,0.0016,0.00125,0.01068,0.02691,0.95947
trial 199,0.0,0.0,0.0,3e-05,7e-05,0.00159,0.00164,0.01125,0.02707,0.95835
trial 200,0.0,0.0,0.0,5e-05,3e-05,0.00174,0.00129,0.01132,0.02751,0.95806
trial 201,0.0,0.0,0.0,3e-05,6e-05,0.00158,0.00146,0.01145,0.02701,0.95841
trial 202,0.0,0.0,0.0,3e-05,6e-05,0.00138,0.00143,0.01101,0.02739,0.9587
trial 203,0.0,0.0,0.0,2e-05,6e-05,0.00189,0.00159,0.01112,0.02784,0.95748
trial 204,0.0,0.0,0.0,1e-05,8e-05,0.00158,0.00144,0.01135,0.02642,0.95912
trial 205,0.0,0.0,0.0,2e-05,5e-05,0.00185,0.00138,0.01081,0.02872,0.95717
trial 206,0.0,0.0,0.0,1e-05,4e-05,0.00191,0.00161,0.01085,0.02664,0.95894
trial 207,0.0,0.0,0.0,6e-05,6e-05,0.0017,0.00131,0.01128,0.02656,0.95903
trial 208,0.0,0.0,0.0,2e-05,6e-05,0.00188,0.00142,0.011,0.02651,0.95911
trial 209,0.0,0.0,1e-05,5e-05,0.00011,0.00139,0.00153,0.01093,0.02665,0.95933
trial 210,0.0,0.0,0.0,0.0,3e-05,0.00164,0.00148,0.01102,0.02783,0.958
trial 211,0.0,0.0,0.0,1e-05,5e-05,0.00175,0.0013,0.01038,0.0275,0.95901
trial 212,0.0,0.0,0.0,2e-05,6e-05,0.00187,0.00144,0.0113,0.02684,0.95847
trial 213,0.0,0.0,0.0,2e-05,6e-05,0.00159,0.00136,0.01111,0.02768,0.95818
trial 214,0.0,0.0,0.0,1e-05,8e-05,0.00171,0.00142,0.01106,0.02713,0.95859
trial 215,0.0,0.0,0.0,1e-05,4e-05,0.00166,0.00142,0.01133,0.02737,0.95817
trial 216,0.0,0.0,0.0,2e-05,9e-05,0.00181,0.00143,0.01112,0.02731,0.95822
trial 217,0.0,0.0,0.0,2e-05,0.00013,0.00155,0.00127,0.01107,0.02735,0.95861
trial 218,0.0,0.0,0.0,2e-05,3e-05,0.0018,0.00159,0.0106,0.0266,0.95936
trial 219,0.0,0.0,0.0,2e-05,9e-05,0.00173,0.00117,0.01089,0.027,0.9591
trial 220,0.0,0.0,0.0,2e-05,4e-05,0.00191,0.00134,0.01059,0.02749,0.95861
trial 221,0.0,0.0,0.0,2e-05,4e-05,0.0017,0.00136,0.01128,0.02762,0.95798
trial 222,0.0,0.0,0.0,4e-05,9e-05,0.0016,0.00122,0.01151,0.02849,0.95705
trial 223,0.0,0.0,0.0,3e-05,5e-05,0.00163,0.00158,0.01105,0.02853,0.95713
trial 224,0.0,0.0,1e-05,4e-05,0.00013,0.00173,0.00136,0.01103,0.02774,0.95796
trial 225,0.0,0.0,0.0,5e-05,0.00012,0.00179,0.00141,0.01091,0.02695,0.95877
trial 226,0.0,0.0,1e-05,2e-05,3e-05,0.00172,0.00135,0.01105,0.0283,0.95752
trial 227,0.0,0.0,0.0,2e-05,5e-05,0.00171,0.00123,0.01131,0.02697,0.95871
trial 228,0.0,0.0,0.0,2e-05,9e-05,0.00193,0.00115,0.01107,0.02723,0.95851
trial 229,0.0,0.0,0.0,4e-05,0.00011,0.00176,0.00165,0.01123,0.02734,0.95787
trial 230,0.0,0.0,0.0,1e-05,5e-05,0.00164,0.0014,0.01099,0.02713,0.95878
trial 231,0.0,0.0,0.0,3e-05,0.00012,0.00177,0.00126,0.01107,0.02783,0.95792
trial 232,0.0,0.0,0.0,5e-05,9e-05,0.00195,0.00147,0.01099,0.02823,0.95722
trial 233,0.0,0.0,0.0,2e-05,8e-05,0.00158,0.0013,0.01172,0.0275,0.9578
trial 234,0.0,0.0,0.0,5e-05,6e-05,0.00156,0.00143,0.0113,0.02859,0.95701
trial 235,0.0,0.0,0.0,2e-05,4e-05,0.00164,0.00136,0.01125,0.0273,0.95839
trial 236,0.0,0.0,0.0,4e-05,7e-05,0.00169,0.00165,0.01149,0.02744,0.95762
trial 237,0.0,0.0,0.0,3e-05,7e-05,0.00173,0.00131,0.01098,0.02681,0.95907
trial 238,0.0,0.0,0.0,2e-05,4e-05,0.00167,0.00154,0.01095,0.02741,0.95837
trial 239,0.0,0.0,0.0,3e-05,9e-05,0.00159,0.00139,0.01083,0.02689,0.95918
trial 240,0.0,0.0,0.0,1e-05,8e-05,0.00172,0.00129,0.01137,0.02754,0.95799
trial 241,0.0,0.0,1e-05,2e-05,0.0001,0.00151,0.00148,0.01128,0.02741,0.95819
trial 242,0.0,0.0,0.0,4e-05,6e-05,0.00174,0.00153,0.01107,0.02743,0.95813
trial 243,0.0,0.0,0.0,5e-05,7e-05,0.00165,0.00134,0.01123,0.02674,0.95892
trial 244,0.0,0.0,0.0,3e-05,6e-05,0.00179,0.00138,0.01119,0.02734,0.95821
trial 245,0.0,0.0,0.0,6e-05,7e-05,0.00165,0.00149,0.01095,0.02765,0.95813
trial 246,0.0,0.0,0.0,2e-05,6e-05,0.00167,0.00154,0.01151,0.02795,0.95725
trial 247,0.0,0.0,0.0,2e-05,7e-05,0.00156,0.00145,0.01198,0.02715,0.95777
trial 248,0.0,0.0,1e-05,2e-05,6e-05,0.00179,0.0014,0.01144,0.02699,0.95829
trial 249,0.0,0.0,0.0,2e-05,0.00011,0.00182,0.00125,0.01118,0.0272,0.95842
trial 250,0.0,0.0,0.0,2e-05,4e-05,0.00185,0.00145,0.01127,0.02724,0.95813
trial 251,0.0,0.0,0.0,2e-05,9e-05,0.00183,0.00156,0.01115,0.02704,0.95831
trial 252,0.0,0.0,0.0,3e-05,4e-05,0.00162,0.00157,0.0112,0.02729,0.95825
trial 253,0.0,0.0,0.0,4e-05,4e-05,0.00149,0.00145,0.01095,0.02646,0.95957
trial 254,0.0,0.0,0.0,0.0,7e-05,0.00159,0.0014,0.01166,0.02643,0.95885
trial 255,0.0,0.0,0.0,2e-05,4e-05,0.00155,0.00127,0.01126,0.02787,0.95799
trial 256,0.0,0.0,0.0,3e-05,5e-05,0.00178,0.00112,0.01114,0.02747,0.95841
trial 257,0.0,0.0,0.0,0.0,9e-05,0.0015,0.00154,0.01039,0.02768,0.9588
trial 258,0.0,0.0,0.0,1e-05,9e-05,0.00173,0.00149,0.01138,0.02727,0.95803
trial 259,0.0,0.0,0.0,0.0,3e-05,0.00146,0.00154,0.01139,0.0273,0.95828
trial 260,0.0,0.0,0.0,2e-05,5e-05,0.00172,0.00145,0.0111,0.0273,0.95836
trial 261,0.0,0.0,0.0,1e-05,7e-05,0.00174,0.00155,0.0114,0.02784,0.95739
trial 262,0.0,0.0,0.0,2e-05,9e-05,0.00172,0.00153,0.0113,0.02722,0.95812
trial 263,0.0,0.0,1e-05,0.0,8e-05,0.00193,0.0016,0.01111,0.02747,0.9578
trial 264,0.0,0.0,0.0,1e-05,2e-05,0.00163,0.0013,0.0113,0.02764,0.9581
trial 265,0.0,0.0,0.0,3e-05,9e-05,0.00175,0.0014,0.01103,0.02787,0.95783
trial 266,0.0,0.0,0.0,4e-05,9e-05,0.00164,0.00166,0.01083,0.02747,0.95827
trial 267,0.0,0.0,0.0,1e-05,5e-05,0.00157,0.00156,0.01098,0.02814,0.95769
trial 268,0.0,0.0,0.0,2e-05,0.0001,0.00157,0.00156,0.01143,0.02757,0.95775
trial 269,0.0,0.0,0.0,3e-05,7e-05,0.00147,0.00143,0.01122,0.02705,0.95873
trial 270,0.0,0.0,0.0,4e-05,4e-05,0.00155,0.00142,0.01061,0.0272,0.95914
trial 271,0.0,0.0,0.0,1e-05,7e-05,0.0017,0.00171,0.01126,0.02726,0.95799
trial 272,0.0,0.0,0.0,0.0,0.00012,0.00194,0.00147,0.01141,0.02695,0.95811
trial 273,0.0,0.0,0.0,2e-05,3e-05,0.0017,0.0014,0.01184,0.02757,0.95744
trial 274,0.0,0.0,0.0,5e-05,6e-05,0.00184,0.00146,0.01154,0.02798,0.95707
trial 275,0.0,0.0,0.0,6e-05,0.00013,0.0016,0.00138,0.01124,0.02716,0.95843
trial 276,0.0,0.0,0.0,3e-05,0.00015,0.00166,0.0015,0.01111,0.02749,0.95806
trial 277,0.0,0.0,0.0,3e-05,9e-05,0.00147,0.00118,0.01144,0.0275,0.95829
trial 278,0.0,0.0,0.0,4e-05,0.0001,0.00162,0.00138,0.01146,0.0269,0.9585
trial 279,0.0,0.0,1e-05,1e-05,4e-05,0.00155,0.00145,0.01119,0.02747,0.95828
trial 280,0.0,0.0,1e-05,2e-05,5e-05,0.00159,0.0013,0.01104,0.02754,0.95845
trial 281,0.0,0.0,0.0,1e-05,8e-05,0.00167,0.00133,0.01095,0.02738,0.95858
trial 282,0.0,0.0,0.0,2e-05,9e-05,0.0017,0.00159,0.01179,0.02689,0.95792
trial 283,0.0,0.0,0.0,4e-05,8e-05,0.00155,0.00141,0.01122,0.02685,0.95885
trial 284,0.0,0.0,1e-05,0.0,0.0001,0.00172,0.00134,0.01137,0.02683,0.95863
trial 285,0.0,0.0,0.0,1e-05,0.00011,0.00174,0.00138,0.01102,0.02717,0.95857
trial 286,0.0,0.0,0.0,1e-05,3e-05,0.00146,0.00148,0.01112,0.02727,0.95863
trial 287,0.0,0.0,1e-05,2e-05,2e-05,0.00152,0.00157,0.01119,0.02733,0.95834
trial 288,0.0,0.0,0.0,3e-05,7e-05,0.00159,0.00155,0.01165,0.0269,0.95821
trial 289,0.0,0.0,0.0,6e-05,8e-05,0.0016,0.00134,0.01145,0.0273,0.95817
trial 290,0.0,0.0,0.0,6e-05,2e-05,0.00181,0.00173,0.01168,0.0275,0.9572
trial 291,0.0,0.0,0.0,3e-05,2e-05,0.00174,0.00146,0.01112,0.0273,0.95833
trial 292,0.0,0.0,0.0,5e-05,3e-05,0.00162,0.00132,0.01109,0.02718,0.95871
trial 293,0.0,0.0,0.0,4e-05,2e-05,0.00165,0.00146,0.01131,0.02759,0.95793
trial 294,0.0,0.0,0.0,4e-05,3e-05,0.00146,0.00166,0.0111,0.02696,0.95875
trial 295,0.0,0.0,0.0,1e-05,0.0001,0.00175,0.00142,0.01074,0.02689,0.95909
trial 296,0.0,0.0,0.0,3e-05,7e-05,0.0016,0.00162,0.01099,0.02708,0.95861
trial 297,0.0,0.0,0.0,3e-05,4e-05,0.0015,0.0014,0.01095,0.02694,0.95914
trial 298,0.0,0.0,0.0,5e-05,0.00012,0.00167,0.00125,0.01113,0.02705,0.95873
trial 299,0.0,0.0,0.0,3e-05,8e-05,0.0016,0.00164,0.01112,0.02661,0.95892
trial 300,0.0,0.0,0.0,3e-05,9e-05,0.00177,0.00131,0.01133,0.0264,0.95907
trial 301,0.0,0.0,0.0,3e-05,7e-05,0.00177,0.00148,0.01113,0.02728,0.95824
trial 302,0.0,0.0,0.0,4e-05,7e-05,0.00163,0.00155,0.01082,0.02761,0.95828
trial 303,0.0,0.0,1e-05,4e-05,2e-05,0.00167,0.00148,0.0112,0.02729,0.95829
trial 304,0.0,0.0,0.0,3e-05,5e-05,0.00162,0.00141,0.01154,0.02651,0.95884
trial 305,0.0,0.0,0.0,3e-05,2e-05,0.00155,0.00145,0.01095,0.02758,0.95842
trial 306,0.0,0.0,0.0,3e-05,5e-05,0.00171,0.00132,0.01131,0.02702,0.95856
trial 307,0.0,0.0,0.0,2e-05,2e-05,0.00165,0.0015,0.01193,0.02775,0.95713
trial 308,0.0,0.0,0.0,1e-05,7e-05,0.00163,0.00145,0.01107,0.0268,0.95897
trial 309,0.0,0.0,0.0,6e-05,8e-05,0.00171,0.0015,0.01139,0.02674,0.95852
trial 310,0.0,0.0,0.0,2e-05,0.00012,0.00163,0.00146,0.01176,0.02691,0.9581
trial 311,0.0,0.0,0.0,4e-05,7e-05,0.00168,0.0014,0.01124,0.02723,0.95834
trial 312,0.0,0.0,0.0,2e-05,9e-05,0.00182,0.00119,0.0113,0.02792,0.95766
trial 313,0.0,0.0,0.0,1e-05,8e-05,0.00192,0.00141,0.01128,0.02725,0.95805
trial 314,0.0,0.0,0.0,2e-05,9e-05,0.00167,0.00134,0.01085,0.0272,0.95883
trial 315,0.0,0.0,0.0,2e-05,9e-05,0.00162,0.0015,0.01066,0.02684,0.95927
trial 316,0.0,0.0,0.0,5e-05,3e-05,0.0017,0.00152,0.0113,0.02663,0.95877
trial 317,0.0,0.0,0.0,1e-05,4e-05,0.0019,0.00141,0.01107,0.02719,0.95838
trial 318,0.0,0.0,0.0,1e-05,5e-05,0.00174,0.00139,0.01141,0.02675,0.95865
trial 319,0.0,0.0,0.0,1e-05,5e-05,0.0017,0.00147,0.01109,0.02728,0.9584
trial 320,0.0,0.0,0.0,3e-05,0.0001,0.0017,0.00168,0.01104,0.02644,0.95901
trial 321,0.0,0.0,0.0,2e-05,6e-05,0.00189,0.00137,0.01166,0.02725,0.95775
trial 322,0.0,0.0,0.0,2e-05,6e-05,0.00144,0.00164,0.01125,0.02785,0.95774
trial 323,0.0,0.0,0.0,0.0,5e-05,0.00151,0.00133,0.01108,0.02726,0.95877
trial 324,0.0,0.0,1e-05,4e-05,9e-05,0.00136,0.0014,0.01129,0.02755,0.95826
trial 325,0.0,0.0,0.0,5e-05,6e-05,0.00144,0.00154,0.01142,0.02695,0.95854
trial 326,0.0,0.0,1e-05,2e-05,7e-05,0.0017,0.00143,0.01144,0.02699,0.95834
trial 327,0.0,0.0,0.0,7e-05,9e-05,0.0015,0.00145,0.01193,0.02723,0.95773
trial 328,0.0,0.0,0.0,2e-05,5e-05,0.0018,0.00148,0.01122,0.02708,0.95835
trial 329,0.0,0.0,0.0,3e-05,4e-05,0.00165,0.00154,0.01096,0.02749,0.95829
trial 330,0.0,0.0,0.0,2e-05,5e-05,0.00178,0.00162,0.01193,0.02761,0.95699
trial 331,0.0,0.0,0.0,3e-05,7e-05,0.00173,0.00153,0.0111,0.02734,0.9582
trial 332,0.0,0.0,0.0,4e-05,0.00017,0.00155,0.00153,0.01138,0.02762,0.95771
trial 333,0.0,0.0,0.0,5e-05,5e-05,0.00191,0.00141,0.01134,0.02756,0.95768
trial 334,0.0,0.0,0.0,3e-05,0.00011,0.00176,0.00154,0.01133,0.02727,0.95796
trial 335,0.0,0.0,0.0,5e-05,4e-05,0.0014,0.00148,0.01137,0.0273,0.95836
trial 336,0.0,0.0,0.0,3e-05,5e-05,0.00165,0.00131,0.01154,0.02705,0.95837
trial 337,0.0,0.0,0.0,3e-05,7e-05,0.00151,0.00133,0.01187,0.02815,0.95704
trial 338,0.0,0.0,0.0,1e-05,9e-05,0.00159,0.00139,0.01168,0.02792,0.95732
trial 339,0.0,0.0,0.0,3e-05,7e-05,0.00165,0.00162,0.01123,0.02725,0.95815
trial 340,0.0,0.0,0.0,2e-05,8e-05,0.00187,0.00112,0.01146,0.02587,0.95958
trial 341,0.0,0.0,0.0,1e-05,4e-05,0.00153,0.00138,0.01139,0.0266,0.95905
trial 342,0.0,0.0,0.0,0.0,0.0001,0.00141,0.00132,0.01074,0.02734,0.95909
trial 343,0.0,0.0,0.0,2e-05,4e-05,0.00165,0.00137,0.01173,0.02715,0.95804
trial 344,0.0,0.0,0.0,3e-05,9e-05,0.00166,0.00118,0.01149,0.02742,0.95813
trial 345,0.0,0.0,0.0,3e-05,4e-05,0.00151,0.00142,0.01106,0.02692,0.95902
trial 346,0.0,0.0,0.0,1e-05,5e-05,0.0017,0.00143,0.01108,0.02644,0.95929
trial 347,0.0,0.0,0.0,4e-05,9e-05,0.00183,0.00154,0.0114,0.02743,0.95767
trial 348,0.0,0.0,0.0,6e-05,3e-05,0.00185,0.0015,0.01162,0.0277,0.95724
trial 349,0.0,0.0,0.0,4e-05,8e-05,0.00165,0.00115,0.01097,0.02722,0.95889
trial 350,0.0,0.0,0.0,2e-05,9e-05,0.00143,0.00136,0.01147,0.02793,0.9577
trial 351,0.0,0.0,0.0,3e-05,7e-05,0.00165,0.00152,0.01119,0.02736,0.95818
trial 352,0.0,0.0,0.0,4e-05,7e-05,0.00163,0.00138,0.01101,0.02693,0.95894
trial 353,0.0,0.0,0.0,2e-05,5e-05,0.00183,0.00163,0.01099,0.02658,0.9589
trial 354,0.0,0.0,0.0,3e-05,7e-05,0.00187,0.00145,0.01105,0.0275,0.95803
trial 355,0.0,1e-05,0.0,4e-05,8e-05,0.00159,0.00152,0.01141,0.02719,0.95816
trial 356,0.0,0.0,0.0,4e-05,9e-05,0.00141,0.00152,0.01093,0.0275,0.95851
trial 357,0.0,0.0,0.0,4e-05,7e-05,0.00189,0.00144,0.01067,0.02702,0.95887
trial 358,0.0,0.0,0.0,3e-05,8e-05,0.00204,0.00139,0.01121,0.02709,0.95816
trial 359,0.0,0.0,0.0,0.0,9e-05,0.00169,0.00147,0.01095,0.02739,0.95841
trial 360,0.0,0.0,0.0,3e-05,3e-05,0.00171,0.0013,0.01104,0.02721,0.95868
trial 361,0.0,0.0,0.0,7e-05,3e-05,0.00151,0.00153,0.01071,0.02769,0.95846
trial 362,0.0,0.0,0.0,4e-05,7e-05,0.00187,0.00152,0.01092,0.02684,0.95874
trial 363,0.0,0.0,0.0,2e-05,4e-05,0.00161,0.00132,0.01125,0.02747,0.95829
trial 364,0.0,0.0,0.0,3e-05,7e-05,0.00159,0.00141,0.01086,0.02757,0.95847
trial 365,0.0,0.0,0.0,1e-05,5e-05,0.00181,0.00131,0.01076,0.0267,0.95936
trial 366,0.0,0.0,1e-05,5e-05,5e-05,0.00183,0.00157,0.01147,0.02679,0.95823
trial 367,0.0,0.0,0.0,1e-05,7e-05,0.00159,0.00141,0.01084,0.02728,0.9588
trial 368,0.0,0.0,0.0,7e-05,7e-05,0.00185,0.00153,0.01102,0.02729,0.95817
trial 369,0.0,0.0,2e-05,0.0,8e-05,0.00186,0.00149,0.01127,0.02681,0.95847
trial 370,0.0,0.0,0.0,3e-05,5e-05,0.00158,0.00134,0.01102,0.02738,0.9586
trial 371,0.0,0.0,0.0,1e-05,6e-05,0.00157,0.0014,0.01117,0.02834,0.95745
trial 372,0.0,0.0,0.0,2e-05,6e-05,0.00155,0.00142,0.01127,0.02743,0.95825
trial 373,0.0,0.0,0.0,3e-05,8e-05,0.00159,0.00146,0.01177,0.02693,0.95814
trial 374,0.0,0.0,0.0,4e-05,7e-05,0.00147,0.00124,0.01085,0.02725,0.95908
trial 375,0.0,0.0,0.0,9e-05,9e-05,0.00154,0.00147,0.01105,0.02707,0.95869
trial 376,0.0,0.0,0.0,5e-05,4e-05,0.00171,0.00156,0.01141,0.02727,0.95796
trial 377,0.0,0.0,0.0,2e-05,9e-05,0.00167,0.00174,0.01057,0.02724,0.95867
trial 378,0.0,0.0,0.0,2e-05,0.0001,0.00136,0.00162,0.01141,0.02689,0.9586
trial 379,0.0,0.0,0.0,3e-05,4e-05,0.00147,0.00157,0.01161,0.02719,0.95809
trial 380,0.0,0.0,0.0,5e-05,6e-05,0.00174,0.00159,0.01106,0.02658,0.95892
trial 381,0.0,0.0,0.0,2e-05,5e-05,0.0015,0.00143,0.01116,0.02753,0.95831
trial 382,0.0,0.0,0.0,3e-05,4e-05,0.00187,0.00143,0.01126,0.02705,0.95832
trial 383,0.0,0.0,0.0,2e-05,0.0001,0.00189,0.00144,0.01152,0.02737,0.95766
trial 384,0.0,0.0,0.0,1e-05,6e-05,0.00151,0.00158,0.0116,0.02723,0.95801
trial 385,0.0,0.0,0.0,2e-05,4e-05,0.00166,0.00144,0.01135,0.02738,0.95811
trial 386,0.0,0.0,1e-05,1e-05,3e-05,0.00171,0.00174,0.01139,0.02659,0.95852
trial 387,0.0,0.0,0.0,0.0,8e-05,0.00158,0.00157,0.01098,0.0276,0.95819
trial 388,0.0,0.0,0.0,4e-05,9e-05,0.0016,0.00128,0.01129,0.02664,0.95906
trial 389,0.0,0.0,0.0,0.0,5e-05,0.00166,0.00165,0.0111,0.02785,0.95769
trial 390,0.0,0.0,0.0,0.0,7e-05,0.00151,0.00152,0.01139,0.02775,0.95776
trial 391,0.0,0.0,0.0,7e-05,9e-05,0.00176,0.00147,0.0113,0.02736,0.95795
trial 392,0.0,0.0,0.0,3e-05,4e-05,0.00183,0.0013,0.01113,0.02682,0.95885
trial 393,0.0,0.0,0.0,3e-05,6e-05,0.00173,0.00128,0.01104,0.02834,0.95752
trial 394,0.0,0.0,0.0,3e-05,7e-05,0.00195,0.00124,0.01081,0.02597,0.95993
trial 395,0.0,0.0,0.0,0.0,0.0001,0.00139,0.00155,0.01104,0.02761,0.95831
trial 396,0.0,0.0,0.0,2e-05,6e-05,0.00158,0.00139,0.01072,0.02764,0.95859
trial 397,0.0,0.0,0.0,3e-05,7e-05,0.00166,0.00154,0.01163,0.02654,0.95853
trial 398,0.0,0.0,0.0,4e-05,3e-05,0.00157,0.00157,0.01102,0.02763,0.95814
trial 399,0.0,0.0,0.0,7e-05,7e-05,0.00184,0.00135,0.01106,0.02742,0.95819
trial 400,0.0,0.0,0.0,3e-05,8e-05,0.00168,0.00131,0.01154,0.02725,0.95811
trial 401,0.0,0.0,0.0,5e-05,7e-05,0.00174,0.00142,0.01091,0.02711,0.9587
trial 402,0.0,0.0,0.0,2e-05,8e-05,0.00157,0.00143,0.01085,0.02714,0.95891
trial 403,0.0,0.0,0.0,5e-05,7e-05,0.00174,0.00149,0.01169,0.02719,0.95777
trial 404,0.0,0.0,2e-05,3e-05,6e-05,0.00183,0.00141,0.01125,0.02648,0.95892
trial 405,0.0,0.0,0.0,7e-05,0.00013,0.00173,0.00167,0.01128,0.02656,0.95856
trial 406,0.0,0.0,0.0,1e-05,7e-05,0.00146,0.00144,0.01132,0.02696,0.95874
trial 407,0.0,0.0,0.0,3e-05,5e-05,0.00152,0.00148,0.01146,0.02756,0.9579
trial 408,0.0,0.0,0.0,1e-05,6e-05,0.00146,0.00158,0.01084,0.02812,0.95793
trial 409,0.0,0.0,2e-05,1e-05,5e-05,0.00157,0.00166,0.01114,0.0277,0.95785
trial 410,0.0,0.0,0.0,0.0,7e-05,0.00147,0.00152,0.01115,0.02719,0.9586
trial 411,0.0,0.0,0.0,1e-05,5e-05,0.00164,0.00147,0.01107,0.02736,0.9584
trial 412,0.0,0.0,0.0,1e-05,4e-05,0.00169,0.00143,0.01082,0.0264,0.95961
trial 413,0.0,0.0,1e-05,2e-05,8e-05,0.00158,0.00129,0.01161,0.02758,0.95783
trial 414,0.0,0.0,1e-05,2e-05,7e-05,0.00165,0.00158,0.01162,0.02814,0.95691
trial 415,0.0,0.0,0.0,3e-05,3e-05,0.0017,0.00145,0.01094,0.02701,0.95884
trial 416,0.0,0.0,0.0,3e-05,9e-05,0.00165,0.0015,0.01129,0.02698,0.95846
trial 417,0.0,0.0,0.0,2e-05,9e-05,0.00178,0.00131,0.01077,0.027,0.95903
trial 418,0.0,0.0,0.0,2e-05,8e-05,0.0016,0.00152,0.01071,0.02693,0.95914
trial 419,0.0,0.0,0.0,1e-05,3e-05,0.00161,0.00146,0.01113,0.02653,0.95923
trial 420,0.0,0.0,0.0,3e-05,6e-05,0.00144,0.00148,0.01129,0.02699,0.95871
trial 421,0.0,0.0,0.0,8e-05,4e-05,0.00164,0.00126,0.01089,0.02711,0.95898
trial 422,0.0,0.0,1e-05,2e-05,9e-05,0.00162,0.0013,0.01169,0.02765,0.95762
trial 423,0.0,0.0,1e-05,2e-05,5e-05,0.00161,0.00146,0.01107,0.02747,0.95831
trial 424,0.0,0.0,0.0,0.0,9e-05,0.00157,0.00151,0.01121,0.02624,0.95938
trial 425,0.0,0.0,0.0,2e-05,7e-05,0.00165,0.00127,0.01164,0.02741,0.95794
trial 426,0.0,0.0,0.0,5e-05,9e-05,0.00176,0.00151,0.01094,0.02798,0.95767
trial 427,0.0,0.0,0.0,3e-05,0.0001,0.00167,0.00139,0.0113,0.02757,0.95794
trial 428,0.0,0.0,0.0,5e-05,4e-05,0.00156,0.0016,0.01166,0.02727,0.95782
trial 429,0.0,0.0,0.0,4e-05,4e-05,0.00159,0.00146,0.01101,0.02727,0.95859
trial 430,0.0,0.0,0.0,5e-05,7e-05,0.00166,0.00144,0.01105,0.02666,0.95907
trial 431,0.0,0.0,0.0,2e-05,3e-05,0.00155,0.00144,0.01213,0.02743,0.9574
trial 432,0.0,0.0,0.0,1e-05,0.00011,0.00151,0.00153,0.01094,0.0274,0.9585
trial 433,0.0,0.0,0.0,1e-05,5e-05,0.00162,0.00159,0.01139,0.0262,0.95914
trial 434,0.0,0.0,0.0,3e-05,8e-05,0.0017,0.00157,0.01082,0.02677,0.95903
trial 435,0.0,0.0,0.0,3e-05,4e-05,0.00184,0.00124,0.01132,0.02724,0.95829
trial 436,0.0,0.0,0.0,3e-05,7e-05,0.00164,0.00127,0.01153,0.02731,0.95815
trial 437,0.0,0.0,1e-05,3e-05,7e-05,0.00171,0.00141,0.01116,0.02843,0.95718
trial 438,0.0,0.0,0.0,2e-05,6e-05,0.00187,0.00138,0.01118,0.02747,0.95802
trial 439,0.0,0.0,0.0,4e-05,0.00011,0.00182,0.00131,0.01076,0.0266,0.95936
trial 440,0.0,0.0,0.0,0.0,0.0001,0.0015,0.00133,0.0112,0.02819,0.95768
trial 441,0.0,0.0,0.0,2e-05,8e-05,0.00155,0.00137,0.01097,0.0276,0.95841
trial 442,0.0,0.0,0.0,0.0,0.0001,0.0016,0.00148,0.01101,0.02754,0.95827
trial 443,0.0,0.0,0.0,4e-05,0.00011,0.00154,0.00122,0.01126,0.02805,0.95778
trial 444,0.0,0.0,0.0,1e-05,8e-05,0.00173,0.00154,0.01121,0.02703,0.9584
trial 445,0.0,0.0,0.0,1e-05,9e-05,0.00138,0.00119,0.01104,0.02719,0.9591
trial 446,0.0,0.0,0.0,2e-05,5e-05,0.00163,0.00152,0.01133,0.0272,0.95825
trial 447,0.0,0.0,0.0,1e-05,5e-05,0.00173,0.0016,0.01136,0.02699,0.95826
trial 448,0.0,0.0,1e-05,2e-05,4e-05,0.00166,0.00119,0.01143,0.02653,0.95912
trial 449,0.0,0.0,0.0,5e-05,3e-05,0.00159,0.00131,0.01077,0.02809,0.95816
trial 450,0.0,0.0,0.0,3e-05,7e-05,0.00147,0.00154,0.01117,0.02701,0.95871
trial 451,0.0,0.0,0.0,1e-05,4e-05,0.00176,0.00135,0.0112,0.02854,0.9571
trial 452,0.0,0.0,1e-05,1e-05,5e-05,0.00177,0.00143,0.01082,0.02822,0.95769
trial 453,0.0,0.0,0.0,3e-05,4e-05,0.00168,0.00142,0.01096,0.02756,0.95831
trial 454,0.0,0.0,0.0,3e-05,6e-05,0.00172,0.00139,0.01123,0.02719,0.95838
trial 455,0.0,0.0,1e-05,3e-05,0.00011,0.00136,0.00151,0.01061,0.02729,0.95908
trial 456,0.0,0.0,0.0,4e-05,6e-05,0.00154,0.00134,0.0107,0.02798,0.95834
trial 457,0.0,0.0,0.0,2e-05,0.0001,0.00165,0.00133,0.01093,0.02755,0.95842
trial 458,0.0,0.0,0.0,4e-05,1e-05,0.00143,0.00152,0.0116,0.02802,0.95738
trial 459,0.0,0.0,0.0,3e-05,5e-05,0.00187,0.00136,0.01099,0.02733,0.95837
trial 460,0.0,0.0,1e-05,6e-05,6e-05,0.00169,0.00143,0.01117,0.02723,0.95835
trial 461,0.0,0.0,0.0,2e-05,7e-05,0.00194,0.00148,0.01119,0.02781,0.95749
trial 462,0.0,0.0,0.0,6e-05,7e-05,0.00153,0.0015,0.01061,0.02783,0.9584
trial 463,0.0,0.0,0.0,3e-05,0.0001,0.00156,0.00141,0.01083,0.02686,0.95921
trial 464,0.0,0.0,0.0,3e-05,4e-05,0.00199,0.00122,0.01116,0.02714,0.95842
trial 465,0.0,0.0,0.0,9e-05,0.0001,0.0014,0.00139,0.0106,0.02721,0.95921
trial 466,0.0,0.0,0.0,3e-05,6e-05,0.00148,0.00148,0.01095,0.02634,0.95966
trial 467,0.0,0.0,1e-05,3e-05,4e-05,0.00153,0.00162,0.01061,0.02726,0.9589
trial 468,0.0,0.0,0.0,2e-05,6e-05,0.00174,0.00153,0.01123,0.0273,0.95812
trial 469,0.0,0.0,0.0,1e-05,7e-05,0.00157,0.00151,0.01073,0.02726,0.95885
trial 470,0.0,0.0,0.0,3e-05,6e-05,0.0016,0.00124,0.01081,0.02712,0.95914
trial 471,0.0,0.0,0.0,4e-05,7e-05,0.00179,0.00158,0.01175,0.02717,0.9576
trial 472,0.0,0.0,0.0,2e-05,2e-05,0.00162,0.00152,0.01074,0.02788,0.9582
trial 473,0.0,0.0,1e-05,1e-05,6e-05,0.00161,0.00173,0.01098,0.02655,0.95905
trial 474,0.0,0.0,0.0,2e-05,7e-05,0.00194,0.00149,0.01106,0.02773,0.95769
trial 475,0.0,0.0,0.0,3e-05,0.0001,0.00168,0.00127,0.01076,0.0273,0.95886
trial 476,0.0,0.0,0.0,1e-05,1e-05,0.00165,0.0013,0.01072,0.02743,0.95888
trial 477,0.0,0.0,0.0,3e-05,5e-05,0.00173,0.00139,0.01165,0.02708,0.95807
trial 478,0.0,0.0,0.0,3e-05,0.00011,0.00163,0.00141,0.01164,0.02754,0.95764
trial 479,0.0,0.0,0.0,3e-05,7e-05,0.00182,0.00153,0.011,0.0275,0.95805
trial 480,0.0,0.0,0.0,2e-05,9e-05,0.00184,0.00146,0.01177,0.02646,0.95836
trial 481,0.0,0.0,0.0,4e-05,9e-05,0.00173,0.00139,0.01093,0.02758,0.95824
trial 482,0.0,0.0,0.0,2e-05,5e-05,0.00158,0.00151,0.01159,0.02743,0.95782
trial 483,0.0,0.0,0.0,0.0,9e-05,0.00178,0.00135,0.01114,0.02749,0.95815
trial 484,0.0,0.0,0.0,4e-05,0.00012,0.00157,0.00121,0.01139,0.02762,0.95805
trial 485,0.0,0.0,0.0,3e-05,7e-05,0.00177,0.00144,0.01142,0.02755,0.95772
trial 486,0.0,0.0,0.0,0.0,9e-05,0.00162,0.00139,0.01109,0.02701,0.9588
trial 487,0.0,0.0,0.0,2e-05,8e-05,0.0016,0.00166,0.01123,0.02802,0.95739
trial 488,0.0,0.0,0.0,3e-05,0.0001,0.00147,0.00137,0.01055,0.02804,0.95844
trial 489,0.0,0.0,0.0,4e-05,5e-05,0.00163,0.0015,0.01111,0.02772,0.95795
trial 490,0.0,0.0,0.0,6e-05,8e-05,0.00155,0.00131,0.01124,0.02753,0.95823
trial 491,0.0,0.0,0.0,0.0,4e-05,0.00167,0.00147,0.01112,0.02742,0.95828
trial 492,0.0,0.0,0.0,2e-05,6e-05,0.00194,0.00145,0.01084,0.02775,0.95794
trial 493,0.0,0.0,0.0,4e-05,6e-05,0.0017,0.00151,0.01123,0.02669,0.95877
trial 494,0.0,0.0,0.0,2e-05,4e-05,0.00189,0.00139,0.01149,0.02742,0.95775
trial 495,0.0,0.0,0.0,4e-05,5e-05,0.00168,0.00152,0.011,0.02741,0.9583
trial 496,0.0,0.0,0.0,2e-05,6e-05,0.00175,0.00135,0.01126,0.02741,0.95815
trial 497,0.0,0.0,2e-05,2e-05,7e-05,0.00169,0.00156,0.01088,0.02806,0.9577
trial 498,0.0,0.0,0.0,2e-05,9e-05,0.00141,0.00123,0.01088,0.02773,0.95864
trial 499,0.0,0.0,1e-05,4e-05,5e-05,0.00177,0.00157,0.01136,0.02775,0.95745
trial 500,0.0,0.0,0.0,3e-05,7e-05,0.00186,0.0016,0.01135,0.02745,0.95764
trial 501,0.0,0.0,0.0,4e-05,3e-05,0.0016,0.00145,0.01122,0.02759,0.95807
trial 502,0.0,0.0,0.0,3e-05,4e-05,0.00162,0.00132,0.01085,0.02782,0.95832
trial 503,0.0,0.0,0.0,1e-05,9e-05,0.00159,0.00126,0.01138,0.02623,0.95944
trial 504,0.0,0.0,0.0,2e-05,6e-05,0.00165,0.00143,0.01149,0.02804,0.95731
trial 505,0.0,0.0,0.0,3e-05,0.00012,0.00165,0.00141,0.01147,0.02706,0.95826
trial 506,0.0,0.0,0.0,1e-05,7e-05,0.00175,0.00142,0.01111,0.02705,0.95859
trial 507,0.0,0.0,0.0,2e-05,8e-05,0.00156,0.00163,0.01105,0.02709,0.95857
trial 508,0.0,0.0,0.0,4e-05,4e-05,0.00171,0.00141,0.01085,0.02815,0.9578
trial 509,0.0,0.0,0.0,3e-05,7e-05,0.00166,0.00149,0.01125,0.0271,0.9584
trial 510,0.0,0.0,0.0,1e-05,9e-05,0.00151,0.00142,0.01134,0.0272,0.95843
trial 511,0.0,0.0,0.0,1e-05,8e-05,0.00162,0.00144,0.0112,0.0271,0.95855
trial 512,0.0,0.0,0.0,1e-05,6e-05,0.00168,0.00135,0.01169,0.02709,0.95812
trial 513,0.0,0.0,0.0,2e-05,9e-05,0.00164,0.00146,0.01123,0.0272,0.95836
trial 514,0.0,0.0,1e-05,6e-05,0.00011,0.00186,0.00148,0.01108,0.02687,0.95853
trial 515,0.0,0.0,0.0,4e-05,9e-05,0.00171,0.00146,0.0115,0.02715,0.95805
trial 516,0.0,0.0,0.0,2e-05,0.00015,0.00152,0.0014,0.01118,0.02708,0.95865
trial 517,0.0,0.0,0.0,3e-05,5e-05,0.00157,0.00133,0.01106,0.02732,0.95864
trial 518,0.0,0.0,1e-05,2e-05,0.00011,0.00163,0.00125,0.01078,0.02723,0.95897
trial 519,0.0,0.0,0.0,3e-05,0.0001,0.00167,0.00132,0.01145,0.02712,0.95831
trial 520,0.0,0.0,0.0,1e-05,2e-05,0.0017,0.00144,0.01077,0.02777,0.95829
trial 521,0.0,0.0,0.0,4e-05,5e-05,0.0016,0.00146,0.01154,0.02784,0.95747
trial 522,0.0,0.0,0.0,6e-05,7e-05,0.00154,0.00133,0.0116,0.02765,0.95775
trial 523,0.0,0.0,0.0,1e-05,4e-05,0.00149,0.00143,0.01113,0.02781,0.95809
trial 524,0.0,0.0,1e-05,0.0,8e-05,0.00183,0.00152,0.01101,0.02784,0.95771
trial 525,0.0,0.0,0.0,2e-05,6e-05,0.00174,0.00128,0.01133,0.02765,0.95792
trial 526,0.0,0.0,0.0,2e-05,9e-05,0.00188,0.00156,0.01115,0.02617,0.95913
trial 527,0.0,0.0,0.0,4e-05,5e-05,0.0018,0.00129,0.01111,0.02692,0.95879
trial 528,0.0,0.0,0.0,2e-05,3e-05,0.00179,0.00148,0.0109,0.02762,0.95816
trial 529,0.0,0.0,0.0,3e-05,7e-05,0.0016,0.00136,0.01075,0.02792,0.95827
trial 530,0.0,0.0,1e-05,3e-05,6e-05,0.00162,0.00157,0.01141,0.02771,0.95759
trial 531,0.0,0.0,0.0,2e-05,0.0001,0.00165,0.00125,0.01089,0.0264,0.95969
trial 532,0.0,1e-05,0.0,2e-05,5e-05,0.00183,0.0014,0.01126,0.02844,0.95699
trial 533,0.0,0.0,1e-05,3e-05,6e-05,0.00167,0.00129,0.01182,0.02716,0.95796
trial 534,0.0,0.0,0.0,0.0,8e-05,0.00177,0.00119,0.01159,0.02772,0.95765
trial 535,0.0,0.0,0.0,3e-05,4e-05,0.00181,0.00143,0.01138,0.02741,0.9579
trial 536,0.0,0.0,0.0,3e-05,3e-05,0.00168,0.00137,0.01153,0.02706,0.9583
trial 537,0.0,0.0,0.0,3e-05,8e-05,0.0015,0.00148,0.01099,0.02793,0.95799
trial 538,0.0,0.0,0.0,5e-05,4e-05,0.00161,0.0014,0.01112,0.02784,0.95794
trial 539,0.0,0.0,0.0,2e-05,5e-05,0.0016,0.00147,0.01112,0.02715,0.95859
trial 540,0.0,0.0,0.0,1e-05,7e-05,0.00164,0.00132,0.01135,0.02618,0.95943
trial 541,0.0,0.0,0.0,1e-05,8e-05,0.00166,0.00136,0.01055,0.02763,0.95871
trial 542,0.0,0.0,0.0,1e-05,6e-05,0.0017,0.00153,0.01117,0.0276,0.95793
trial 543,0.0,0.0,1e-05,2e-05,9e-05,0.00171,0.00141,0.01103,0.02726,0.95847
trial 544,0.0,0.0,0.0,2e-05,9e-05,0.00155,0.00143,0.01188,0.02709,0.95794
trial 545,0.0,0.0,0.0,3e-05,6e-05,0.0016,0.00147,0.01121,0.02801,0.95762
trial 546,0.0,0.0,0.0,1e-05,4e-05,0.00176,0.00136,0.01166,0.0273,0.95787
trial 547,0.0,0.0,0.0,1e-05,5e-05,0.00161,0.00156,0.01152,0.0279,0.95735
trial 548,0.0,0.0,0.0,4e-05,6e-05,0.00155,0.00151,0.01079,0.02685,0.9592
trial 549,0.0,0.0,0.0,1e-05,8e-05,0.00162,0.00137,0.0107,0.02629,0.95993
trial 550,0.0,0.0,0.0,2e-05,7e-05,0.00182,0.00136,0.01077,0.0277,0.95826
trial 551,0.0,0.0,0.0,4e-05,7e-05,0.00154,0.00149,0.01151,0.02712,0.95823
trial 552,0.0,0.0,0.0,4e-05,5e-05,0.00162,0.00147,0.0116,0.02744,0.95778
trial 553,0.0,0.0,0.0,2e-05,4e-05,0.00168,0.00128,0.01091,0.02648,0.95959
trial 554,0.0,0.0,0.0,2e-05,7e-05,0.00154,0.00154,0.01123,0.02793,0.95767
trial 555,0.0,0.0,0.0,3e-05,4e-05,0.00158,0.00137,0.01127,0.02729,0.95842
trial 556,0.0,0.0,0.0,3e-05,4e-05,0.00163,0.00143,0.01164,0.0269,0.95833
trial 557,0.0,0.0,0.0,3e-05,0.00013,0.0014,0.00135,0.01145,0.02748,0.95816
trial 558,0.0,0.0,0.0,3e-05,2e-05,0.00156,0.00149,0.01127,0.02718,0.95845
trial 559,0.0,0.0,0.0,0.0,6e-05,0.00177,0.00148,0.01188,0.02735,0.95746
trial 560,0.0,0.0,0.0,2e-05,3e-05,0.00177,0.00128,0.01133,0.02839,0.95718
trial 561,0.0,0.0,0.0,0.0,5e-05,0.00195,0.0014,0.01153,0.02715,0.95792
trial 562,0.0,0.0,0.0,6e-05,0.0001,0.0019,0.00139,0.01187,0.02814,0.95654
trial 563,0.0,0.0,0.0,2e-05,8e-05,0.00184,0.00132,0.01087,0.02711,0.95876
trial 564,0.0,0.0,0.0,4e-05,5e-05,0.00197,0.00141,0.01102,0.02681,0.9587
trial 565,0.0,0.0,0.0,3e-05,7e-05,0.00154,0.00123,0.01137,0.02775,0.95801
trial 566,0.0,0.0,0.0,0.0,3e-05,0.00155,0.00138,0.01151,0.02755,0.95798
trial 567,0.0,0.0,0.0,0.0,9e-05,0.00182,0.00159,0.01082,0.0271,0.95858
trial 568,0.0,0.0,0.0,4e-05,5e-05,0.00134,0.00168,0.01155,0.02831,0.95703
trial 569,0.0,0.0,0.0,4e-05,5e-05,0.00153,0.00145,0.01073,0.02807,0.95813
trial 570,0.0,0.0,1e-05,3e-05,5e-05,0.00162,0.00171,0.01145,0.02657,0.95856
trial 571,0.0,0.0,0.0,4e-05,5e-05,0.00153,0.00157,0.01101,0.02771,0.95809
trial 572,0.0,0.0,0.0,2e-05,9e-05,0.00136,0.00129,0.01134,0.02801,0.95789
trial 573,0.0,0.0,0.0,3e-05,7e-05,0.00191,0.00144,0.01112,0.02702,0.95841
trial 574,0.0,0.0,0.0,5e-05,5e-05,0.00159,0.00125,0.0114,0.02768,0.95798
trial 575,0.0,0.0,0.0,5e-05,7e-05,0.00162,0.00147,0.01119,0.02755,0.95805
trial 576,0.0,0.0,0.0,3e-05,3e-05,0.00172,0.00145,0.01154,0.02681,0.95842
trial 577,0.0,0.0,0.0,3e-05,5e-05,0.00178,0.00146,0.01064,0.02724,0.9588
trial 578,0.0,0.0,1e-05,1e-05,7e-05,0.00188,0.0015,0.01107,0.0259,0.95956
trial 579,0.0,0.0,1e-05,2e-05,8e-05,0.00171,0.00145,0.01174,0.02682,0.95817
trial 580,0.0,0.0,0.0,0.0,7e-05,0.00168,0.00154,0.0115,0.0273,0.95791
trial 581,0.0,0.0,0.0,3e-05,4e-05,0.00152,0.00156,0.01082,0.02683,0.9592
trial 582,0.0,0.0,0.0,2e-05,5e-05,0.00168,0.00131,0.01068,0.02686,0.9594
trial 583,0.0,0.0,0.0,2e-05,6e-05,0.00184,0.00152,0.0107,0.02715,0.95871
trial 584,0.0,0.0,0.0,2e-05,9e-05,0.00144,0.00125,0.01143,0.02664,0.95913
trial 585,0.0,0.0,0.0,2e-05,6e-05,0.00169,0.0015,0.01138,0.02747,0.95788
trial 586,0.0,0.0,1e-05,1e-05,5e-05,0.00156,0.00141,0.01074,0.02666,0.95956
trial 587,0.0,0.0,0.0,1e-05,5e-05,0.00178,0.00144,0.01136,0.0273,0.95806
trial 588,0.0,0.0,0.0,1e-05,3e-05,0.00175,0.00136,0.01147,0.02654,0.95884
trial 589,0.0,0.0,0.0,3e-05,7e-05,0.00162,0.00153,0.01104,0.02757,0.95814
trial 590,0.0,0.0,0.0,1e-05,0.0001,0.00159,0.00146,0.01106,0.02661,0.95917
trial 591,0.0,0.0,0.0,4e-05,7e-05,0.00139,0.00147,0.01107,0.02716,0.9588
trial 592,0.0,0.0,0.0,2e-05,4e-05,0.00167,0.00137,0.01093,0.02761,0.95836
trial 593,0.0,0.0,0.0,2e-05,8e-05,0.00174,0.00146,0.01107,0.02705,0.95858
trial 594,0.0,0.0,0.0,2e-05,8e-05,0.00168,0.00151,0.01094,0.02702,0.95875
trial 595,0.0,0.0,0.0,2e-05,3e-05,0.00193,0.00145,0.011,0.02668,0.95889
trial 596,0.0,0.0,0.0,2e-05,0.00011,0.00168,0.00128,0.01062,0.02709,0.9592
trial 597,0.0,0.0,1e-05,0.0,9e-05,0.00178,0.00136,0.01184,0.02731,0.95761
trial 598,0.0,0.0,0.0,4e-05,1e-05,0.00144,0.00145,0.01112,0.02819,0.95775
trial 599,0.0,0.0,0.0,4e-05,5e-05,0.00151,0.00146,0.01126,0.0271,0.95858
trial 600,0.0,0.0,0.0,2e-05,6e-05,0.00168,0.0014,0.01152,0.02705,0.95827
trial 601,0.0,0.0,0.0,4e-05,6e-05,0.00162,0.00161,0.01129,0.02634,0.95904
trial 602,0.0,0.0,0.0,0.0,2e-05,0.00175,0.00165,0.01105,0.02687,0.95866
trial 603,0.0,0.0,1e-05,3e-05,7e-05,0.00173,0.00139,0.01105,0.02841,0.95731
trial 604,0.0,0.0,0.0,2e-05,3e-05,0.00144,0.00147,0.011,0.02709,0.95895
trial 605,0.0,0.0,0.0,3e-05,8e-05,0.00161,0.00152,0.01107,0.02764,0.95805
trial 606,0.0,0.0,0.0,2e-05,7e-05,0.00168,0.00151,0.01125,0.02675,0.95872
trial 607,0.0,0.0,0.0,1e-05,0.00011,0.00189,0.00143,0.01099,0.02707,0.9585
trial 608,0.0,0.0,0.0,1e-05,9e-05,0.00151,0.00156,0.01078,0.02644,0.95961
trial 609,0.0,0.0,0.0,1e-05,7e-05,0.00157,0.00156,0.01148,0.02654,0.95877
trial 610,0.0,0.0,0.0,4e-05,5e-05,0.00207,0.00156,0.01096,0.0278,0.95752
trial 611,0.0,0.0,0.0,2e-05,5e-05,0.00163,0.0015,0.01081,0.02766,0.95833
trial 612,0.0,0.0,0.0,4e-05,2e-05,0.00164,0.00149,0.01155,0.02766,0.9576
trial 613,0.0,0.0,0.0,1e-05,7e-05,0.00168,0.00143,0.01197,0.02629,0.95855
trial 614,0.0,1e-05,0.0,4e-05,7e-05,0.00177,0.00152,0.01125,0.02719,0.95815
trial 615,0.0,0.0,0.0,2e-05,5e-05,0.00175,0.00151,0.011,0.0284,0.95727
trial 616,0.0,0.0,0.0,4e-05,8e-05,0.00135,0.00141,0.0117,0.02764,0.95778
trial 617,0.0,0.0,0.0,2e-05,0.0001,0.00166,0.00166,0.01116,0.02883,0.95657
trial 618,0.0,0.0,0.0,1e-05,3e-05,0.00155,0.00157,0.01111,0.02708,0.95865
trial 619,0.0,0.0,0.0,3e-05,5e-05,0.00167,0.00152,0.01098,0.02658,0.95917
trial 620,0.0,0.0,0.0,0.0,4e-05,0.00166,0.0016,0.01166,0.02679,0.95825
trial 621,0.0,0.0,0.0,2e-05,6e-05,0.00164,0.00152,0.01105,0.02734,0.95837
trial 622,0.0,0.0,0.0,1e-05,4e-05,0.00172,0.00146,0.01074,0.02635,0.95968
trial 623,0.0,0.0,1e-05,3e-05,6e-05,0.00157,0.00133,0.01104,0.02748,0.95848
trial 624,0.0,0.0,0.0,0.0,5e-05,0.00188,0.00137,0.01079,0.02709,0.95882
trial 625,0.0,0.0,0.0,4e-05,3e-05,0.00164,0.0014,0.01086,0.02804,0.95799
trial 626,0.0,0.0,0.0,6e-05,2e-05,0.00162,0.00136,0.0114,0.02578,0.95976
trial 627,0.0,0.0,0.0,1e-05,5e-05,0.00167,0.00137,0.01097,0.02767,0.95826
trial 628,0.0,0.0,0.0,1e-05,0.00011,0.00142,0.00141,0.01124,0.02661,0.9592
trial 629,0.0,0.0,0.0,4e-05,7e-05,0.00191,0.00115,0.01124,0.02662,0.95897
trial 630,0.0,0.0,1e-05,3e-05,5e-05,0.00159,0.00151,0.01126,0.02734,0.95821
trial 631,0.0,0.0,0.0,0.0,7e-05,0.00145,0.00153,0.01095,0.0277,0.9583
trial 632,0.0,0.0,0.0,4e-05,0.00011,0.00164,0.00165,0.01057,0.02707,0.95892
trial 633,0.0,0.0,0.0,2e-05,8e-05,0.00152,0.00145,0.01107,0.02722,0.95864
trial 634,0.0,0.0,0.0,1e-05,6e-05,0.00163,0.00119,0.01108,0.02749,0.95854
trial 635,0.0,0.0,0.0,4e-05,0.00012,0.00171,0.00131,0.01085,0.0267,0.95927
trial 636,0.0,0.0,0.0,1e-05,5e-05,0.00187,0.00125,0.01135,0.02787,0.9576
trial 637,0.0,0.0,0.0,2e-05,0.00011,0.00154,0.00124,0.01082,0.02709,0.95918
trial 638,0.0,0.0,0.0,1e-05,6e-05,0.00148,0.00132,0.01154,0.02725,0.95834
trial 639,0.0,0.0,0.0,4e-05,6e-05,0.00183,0.00151,0.01178,0.02693,0.95785
trial 640,0.0,0.0,0.0,1e-05,3e-05,0.00151,0.00132,0.01079,0.02736,0.95898
trial 641,0.0,0.0,1e-05,1e-05,9e-05,0.00163,0.00172,0.01099,0.0277,0.95785
trial 642,0.0,0.0,0.0,1e-05,9e-05,0.00179,0.00133,0.01104,0.02738,0.95836
trial 643,0.0,0.0,0.0,4e-05,4e-05,0.00154,0.00154,0.01109,0.02702,0.95873
trial 644,0.0,0.0,0.0,2e-05,8e-05,0.00179,0.00152,0.01097,0.02757,0.95805
trial 645,0.0,0.0,0.0,0.0,4e-05,0.00151,0.00142,0.01042,0.02739,0.95922
trial 646,0.0,0.0,0.0,2e-05,8e-05,0.00173,0.00136,0.01199,0.0267,0.95812
trial 647,0.0,0.0,0.0,2e-05,0.0001,0.0015,0.00129,0.01111,0.02661,0.95937
trial 648,0.0,0.0,0.0,5e-05,9e-05,0.00179,0.00134,0.01101,0.02691,0.95881
trial 649,0.0,0.0,0.0,1e-05,5e-05,0.00158,0.00153,0.01153,0.0273,0.958
trial 650,0.0,0.0,0.0,2e-05,0.00013,0.00154,0.00139,0.01067,0.02756,0.95869
trial 651,0.0,0.0,0.0,1e-05,6e-05,0.00188,0.00155,0.01134,0.02678,0.95838
trial 652,0.0,0.0,0.0,1e-05,6e-05,0.00156,0.00148,0.0109,0.02674,0.95925
trial 653,0.0,0.0,0.0,1e-05,5e-05,0.00157,0.00139,0.01129,0.02778,0.95791
trial 654,0.0,0.0,0.0,2e-05,7e-05,0.00158,0.00155,0.01086,0.02724,0.95868
trial 655,0.0,0.0,1e-05,2e-05,0.0001,0.00163,0.0013,0.0115,0.02683,0.95861
trial 656,0.0,0.0,0.0,2e-05,1e-05,0.00192,0.00161,0.01086,0.02769,0.95789
trial 657,0.0,0.0,0.0,4e-05,9e-05,0.00151,0.00149,0.01156,0.02677,0.95854
trial 658,0.0,0.0,0.0,1e-05,7e-05,0.0016,0.00136,0.01197,0.02712,0.95787
trial 659,0.0,0.0,1e-05,4e-05,4e-05,0.00165,0.00156,0.0113,0.02665,0.95875
trial 660,0.0,0.0,0.0,2e-05,5e-05,0.0016,0.00143,0.01092,0.02782,0.95816
trial 661,0.0,0.0,0.0,3e-05,0.0001,0.00149,0.00148,0.01137,0.02789,0.95764
trial 662,0.0,0.0,0.0,0.0,8e-05,0.00155,0.00136,0.01089,0.0277,0.95842
trial 663,0.0,0.0,0.0,1e-05,3e-05,0.00162,0.00142,0.0111,0.02796,0.95786
trial 664,0.0,0.0,0.0,2e-05,7e-05,0.00162,0.00152,0.01121,0.02734,0.95822
trial 665,0.0,0.0,1e-05,1e-05,0.00011,0.00174,0.00152,0.01119,0.02809,0.95733
trial 666,0.0,0.0,0.0,0.0,5e-05,0.00139,0.0016,0.01171,0.0279,0.95735
trial 667,0.0,0.0,0.0,3e-05,9e-05,0.0016,0.0014,0.01145,0.02692,0.95851
trial 668,0.0,0.0,0.0,3e-05,8e-05,0.0016,0.00131,0.01123,0.02794,0.95781
trial 669,0.0,0.0,0.0,2e-05,4e-05,0.00169,0.00149,0.01115,0.02652,0.95909
trial 670,0.0,0.0,0.0,2e-05,0.00011,0.00164,0.00136,0.0116,0.02784,0.95743
trial 671,0.0,0.0,0.0,2e-05,0.00012,0.00167,0.0014,0.01172,0.02721,0.95786
trial 672,0.0,0.0,0.0,2e-05,8e-05,0.00169,0.00181,0.01072,0.02691,0.95877
trial 673,0.0,0.0,1e-05,4e-05,3e-05,0.00153,0.00137,0.01102,0.02762,0.95838
trial 674,0.0,0.0,0.0,0.0,9e-05,0.00154,0.00162,0.01161,0.02766,0.95748
trial 675,0.0,0.0,0.0,4e-05,5e-05,0.00198,0.00146,0.01098,0.02746,0.95803
trial 676,0.0,0.0,2e-05,6e-05,5e-05,0.00159,0.00137,0.01092,0.02775,0.95824
trial 677,0.0,0.0,0.0,4e-05,0.00011,0.00178,0.00145,0.01173,0.02721,0.95768
trial 678,0.0,0.0,0.0,2e-05,0.0001,0.00149,0.00149,0.01098,0.02665,0.95927
trial 679,0.0,0.0,0.0,3e-05,6e-05,0.00193,0.00138,0.01092,0.02698,0.9587
trial 680,0.0,0.0,1e-05,0.0,4e-05,0.00163,0.00141,0.01096,0.02774,0.95821
trial 681,0.0,0.0,1e-05,2e-05,8e-05,0.00142,0.00154,0.01178,0.02763,0.95752
trial 682,0.0,0.0,0.0,4e-05,1e-05,0.0016,0.00157,0.01107,0.02732,0.95839
trial 683,0.0,0.0,0.0,2e-05,7e-05,0.00135,0.00157,0.01153,0.02773,0.95773
trial 684,0.0,0.0,0.0,0.0,8e-05,0.00171,0.00177,0.01085,0.02691,0.95868
trial 685,0.0,0.0,0.0,1e-05,7e-05,0.00153,0.00151,0.01108,0.02734,0.95846
trial 686,0.0,0.0,0.0,4e-05,0.00011,0.00157,0.00129,0.01086,0.02681,0.95932
trial 687,0.0,0.0,0.0,3e-05,6e-05,0.00157,0.00132,0.0107,0.02677,0.95955
trial 688,0.0,1e-05,0.0,3e-05,0.00013,0.00181,0.0013,0.01142,0.02742,0.95788
trial 689,0.0,0.0,0.0,3e-05,5e-05,0.00169,0.00127,0.01102,0.02698,0.95896
trial 690,0.0,0.0,0.0,5e-05,4e-05,0.00164,0.00158,0.01098,0.02698,0.95873
trial 691,0.0,0.0,0.0,4e-05,7e-05,0.00177,0.00147,0.01133,0.02795,0.95737
trial 692,0.0,0.0,0.0,3e-05,0.00014,0.00173,0.0015,0.01166,0.02841,0.95653
trial 693,0.0,0.0,0.0,5e-05,0.00011,0.00176,0.00141,0.01075,0.02776,0.95816
trial 694,0.0,0.0,0.0,2e-05,4e-05,0.00179,0.00145,0.01153,0.02646,0.95871
trial 695,0.0,0.0,0.0,1e-05,4e-05,0.00148,0.00127,0.01169,0.0268,0.95871
trial 696,0.0,0.0,0.0,5e-05,0.0001,0.0017,0.00139,0.011,0.02682,0.95894
trial 697,0.0,0.0,0.0,0.0,9e-05,0.00167,0.00159,0.01201,0.02702,0.95762
trial 698,0.0,0.0,0.0,2e-05,6e-05,0.00186,0.00157,0.0115,0.02678,0.95821
trial 699,0.0,0.0,0.0,4e-05,4e-05,0.00172,0.00154,0.01042,0.02789,0.95835
trial 700,0.0,0.0,0.0,1e-05,0.0001,0.00172,0.00154,0.01097,0.02776,0.9579
trial 701,0.0,0.0,0.0,0.0,8e-05,0.00142,0.00164,0.0105,0.0272,0.95916
trial 702,0.0,0.0,0.0,2e-05,3e-05,0.0018,0.0016,0.01123,0.02774,0.95758
trial 703,0.0,0.0,0.0,1e-05,2e-05,0.0015,0.00138,0.0112,0.02704,0.95885
trial 704,0.0,0.0,0.0,4e-05,3e-05,0.00166,0.0013,0.01125,0.02754,0.95818
trial 705,0.0,0.0,0.0,3e-05,0.0001,0.00164,0.00138,0.01144,0.02767,0.95774
trial 706,0.0,0.0,0.0,0.0,9e-05,0.00173,0.00156,0.01084,0.02673,0.95905
trial 707,0.0,0.0,0.0,3e-05,0.0001,0.00159,0.00155,0.01086,0.02722,0.95865
trial 708,0.0,0.0,0.0,2e-05,6e-05,0.00158,0.0013,0.01179,0.02754,0.95771
trial 709,0.0,0.0,0.0,4e-05,4e-05,0.00161,0.00115,0.01075,0.02807,0.95834
trial 710,0.0,0.0,0.0,0.0,3e-05,0.00166,0.00137,0.01055,0.02708,0.95931
trial 711,0.0,0.0,0.0,3e-05,5e-05,0.00141,0.00137,0.01138,0.02746,0.9583
trial 712,0.0,0.0,0.0,5e-05,4e-05,0.00166,0.00131,0.0114,0.02752,0.95802
trial 713,0.0,0.0,0.0,3e-05,6e-05,0.00167,0.0015,0.01099,0.02697,0.95878
trial 714,0.0,0.0,0.0,2e-05,3e-05,0.00183,0.00156,0.01082,0.02794,0.9578
trial 715,0.0,0.0,0.0,2e-05,5e-05,0.00188,0.00165,0.01078,0.02818,0.95744
trial 716,0.0,0.0,0.0,6e-05,7e-05,0.00151,0.00155,0.01113,0.02793,0.95775
trial 717,0.0,0.0,0.0,2e-05,7e-05,0.00166,0.00145,0.01074,0.02749,0.95857
trial 718,0.0,0.0,1e-05,0.0,0.0001,0.00165,0.00155,0.01096,0.02714,0.95859
trial 719,0.0,0.0,1e-05,3e-05,7e-05,0.00152,0.00143,0.01083,0.0271,0.95901
trial 720,0.0,0.0,0.0,2e-05,9e-05,0.00152,0.00123,0.01175,0.02719,0.9582
trial 721,0.0,0.0,0.0,0.0,4e-05,0.00171,0.00142,0.01111,0.02738,0.95834
trial 722,0.0,0.0,0.0,0.0,8e-05,0.00138,0.00135,0.0107,0.02706,0.95943
trial 723,0.0,0.0,0.0,2e-05,7e-05,0.00163,0.00128,0.01133,0.02866,0.95701
trial 724,0.0,0.0,0.0,2e-05,7e-05,0.0019,0.00136,0.0111,0.02765,0.9579
trial 725,0.0,0.0,0.0,5e-05,5e-05,0.00156,0.00141,0.01148,0.0287,0.95675
trial 726,0.0,0.0,0.0,2e-05,5e-05,0.00177,0.00154,0.01107,0.02768,0.95787
trial 727,0.0,0.0,0.0,2e-05,9e-05,0.00178,0.00138,0.01105,0.02737,0.95831
trial 728,0.0,0.0,1e-05,1e-05,0.00011,0.00162,0.00163,0.0107,0.02697,0.95895
trial 729,0.0,0.0,0.0,2e-05,9e-05,0.00179,0.00175,0.01078,0.02718,0.95839
trial 730,0.0,0.0,0.0,0.0,9e-05,0.0016,0.00155,0.01191,0.02723,0.95762
trial 731,0.0,0.0,0.0,3e-05,0.00014,0.00145,0.00135,0.01099,0.02757,0.95847
trial 732,0.0,0.0,0.0,2e-05,0.0001,0.00161,0.00143,0.01094,0.02681,0.95909
trial 733,0.0,0.0,0.0,1e-05,6e-05,0.00168,0.00126,0.01097,0.02747,0.95855
trial 734,0.0,0.0,0.0,0.0,6e-05,0.00165,0.0014,0.01164,0.02752,0.95773
trial 735,0.0,0.0,1e-05,3e-05,6e-05,0.00149,0.00141,0.011,0.02791,0.95809
trial 736,0.0,0.0,2e-05,4e-05,6e-05,0.00152,0.0016,0.01096,0.02695,0.95885
trial 737,0.0,0.0,0.0,3e-05,4e-05,0.0018,0.00145,0.01163,0.02695,0.9581
trial 738,0.0,0.0,0.0,3e-05,5e-05,0.00157,0.00149,0.01066,0.02831,0.95789
trial 739,0.0,0.0,0.0,3e-05,5e-05,0.00157,0.00123,0.01148,0.02776,0.95788
trial 740,0.0,0.0,0.0,3e-05,2e-05,0.00163,0.00152,0.01098,0.0275,0.95832
trial 741,0.0,0.0,0.0,2e-05,0.00014,0.00175,0.00148,0.01113,0.02767,0.95781
trial 742,0.0,0.0,0.0,3e-05,5e-05,0.00141,0.00132,0.01104,0.02749,0.95866
trial 743,0.0,0.0,0.0,1e-05,5e-05,0.00184,0.00137,0.01181,0.0271,0.95782
trial 744,0.0,0.0,1e-05,5e-05,6e-05,0.00184,0.00145,0.01136,0.0268,0.95843
trial 745,0.0,0.0,0.0,3e-05,5e-05,0.00165,0.00152,0.0115,0.02795,0.9573
trial 746,0.0,0.0,0.0,7e-05,0.0001,0.00191,0.00126,0.01114,0.02725,0.95827
trial 747,0.0,0.0,0.0,1e-05,5e-05,0.0018,0.00154,0.01184,0.02833,0.95643
trial 748,0.0,0.0,0.0,2e-05,9e-05,0.00189,0.00143,0.01103,0.02705,0.95849
trial 749,0.0,0.0,0.0,3e-05,8e-05,0.00169,0.00165,0.01176,0.02685,0.95794
trial 750,0.0,0.0,0.0,2e-05,6e-05,0.00187,0.00145,0.01174,0.02723,0.95763
trial 751,0.0,0.0,0.0,1e-05,3e-05,0.00201,0.00149,0.01095,0.02727,0.95824
trial 752,0.0,0.0,0.0,1e-05,0.0001,0.0018,0.00159,0.01144,0.02711,0.95795
trial 753,0.0,0.0,0.0,2e-05,0.00014,0.00158,0.00158,0.01167,0.02767,0.95734
trial 754,0.0,0.0,0.0,2e-05,7e-05,0.00182,0.00142,0.01172,0.02805,0.9569
trial 755,0.0,0.0,0.0,1e-05,9e-05,0.00184,0.00154,0.01151,0.02752,0.95749
trial 756,0.0,0.0,0.0,2e-05,6e-05,0.00165,0.00125,0.01135,0.02717,0.9585
trial 757,0.0,0.0,0.0,2e-05,7e-05,0.0015,0.00148,0.01178,0.02759,0.95756
trial 758,0.0,0.0,0.0,4e-05,4e-05,0.00155,0.00138,0.01149,0.02759,0.95791
trial 759,0.0,0.0,0.0,4e-05,4e-05,0.00183,0.00148,0.01138,0.02754,0.95769
trial 760,0.0,0.0,0.0,7e-05,3e-05,0.00157,0.00159,0.01159,0.02724,0.95791
trial 761,0.0,0.0,0.0,1e-05,6e-05,0.00168,0.00137,0.01118,0.02631,0.95939
trial 762,0.0,0.0,0.0,1e-05,6e-05,0.00155,0.00143,0.01132,0.02729,0.95834
trial 763,0.0,0.0,0.0,3e-05,8e-05,0.00162,0.00145,0.01169,0.027,0.95813
trial 764,0.0,0.0,0.0,2e-05,7e-05,0.00166,0.00127,0.01123,0.02748,0.95827
trial 765,0.0,0.0,0.0,0.0,9e-05,0.00189,0.00148,0.01139,0.02682,0.95833
trial 766,0.0,0.0,0.0,5e-05,3e-05,0.00167,0.0015,0.01111,0.02742,0.95822
trial 767,0.0,0.0,0.0,4e-05,0.0001,0.00172,0.00146,0.0108,0.02712,0.95876
trial 768,0.0,0.0,0.0,4e-05,9e-05,0.00169,0.00175,0.01117,0.02749,0.95777
trial 769,0.0,0.0,0.0,1e-05,8e-05,0.00182,0.00164,0.01097,0.0269,0.95858
trial 770,0.0,0.0,0.0,6e-05,3e-05,0.00175,0.00139,0.01185,0.02718,0.95774
trial 771,0.0,0.0,0.0,1e-05,6e-05,0.00158,0.00145,0.01123,0.02737,0.9583
trial 772,0.0,0.0,0.0,4e-05,0.00015,0.00157,0.00146,0.01107,0.0285,0.95721
trial 773,0.0,0.0,0.0,2e-05,9e-05,0.00172,0.00149,0.01149,0.02758,0.95761
trial 774,0.0,0.0,0.0,4e-05,6e-05,0.00174,0.00149,0.01092,0.02705,0.9587
trial 775,0.0,0.0,1e-05,1e-05,0.0001,0.00148,0.00159,0.01081,0.02684,0.95916
trial 776,0.0,0.0,0.0,2e-05,5e-05,0.00171,0.00168,0.01109,0.02593,0.95952
trial 777,0.0,0.0,0.0,1e-05,7e-05,0.00181,0.00163,0.01159,0.02731,0.95758
trial 778,0.0,0.0,0.0,2e-05,7e-05,0.00161,0.0015,0.01059,0.02691,0.9593
trial 779,0.0,0.0,0.0,3e-05,5e-05,0.00161,0.0013,0.01135,0.02792,0.95774
trial 780,0.0,0.0,0.0,1e-05,6e-05,0.00154,0.00134,0.01142,0.02731,0.95832
trial 781,0.0,0.0,0.0,3e-05,0.00011,0.00165,0.00146,0.01125,0.0266,0.9589
trial 782,0.0,0.0,0.0,3e-05,7e-05,0.00158,0.00146,0.01135,0.02788,0.95763
trial 783,0.0,0.0,1e-05,3e-05,6e-05,0.00174,0.00148,0.01117,0.02762,0.95789
trial 784,0.0,0.0,0.0,3e-05,7e-05,0.0017,0.00149,0.01158,0.02797,0.95716
trial 785,0.0,0.0,0.0,1e-05,9e-05,0.00148,0.00159,0.01125,0.02743,0.95815
trial 786,0.0,0.0,0.0,2e-05,0.0001,0.00167,0.00144,0.01115,0.0279,0.95772
trial 787,0.0,0.0,0.0,5e-05,4e-05,0.00187,0.00143,0.01145,0.02769,0.95747
trial 788,0.0,0.0,0.0,4e-05,9e-05,0.00163,0.00157,0.0114,0.02603,0.95924
trial 789,0.0,0.0,0.0,1e-05,8e-05,0.00171,0.00144,0.01172,0.02761,0.95743
trial 790,0.0,0.0,0.0,2e-05,6e-05,0.00172,0.00127,0.01102,0.02762,0.95829
trial 791,0.0,0.0,2e-05,2e-05,6e-05,0.00173,0.00163,0.01111,0.02737,0.95806
trial 792,0.0,0.0,0.0,0.0,0.0001,0.0015,0.00128,0.01147,0.02721,0.95844
trial 793,0.0,0.0,1e-05,4e-05,8e-05,0.00176,0.00157,0.01077,0.02767,0.9581
trial 794,0.0,0.0,1e-05,2e-05,9e-05,0.00166,0.00133,0.01073,0.0267,0.95946
trial 795,0.0,0.0,0.0,0.0,8e-05,0.00171,0.00151,0.01184,0.02651,0.95835
trial 796,0.0,0.0,0.0,3e-05,9e-05,0.00181,0.00119,0.01112,0.0269,0.95886
trial 797,0.0,0.0,0.0,0.0,4e-05,0.0015,0.00129,0.01123,0.02751,0.95843
trial 798,0.0,0.0,0.0,1e-05,5e-05,0.00157,0.00147,0.0109,0.02752,0.95848
trial 799,0.0,0.0,0.0,2e-05,6e-05,0.00191,0.00125,0.01138,0.02882,0.95656
trial 800,0.0,0.0,0.0,2e-05,8e-05,0.0016,0.00155,0.01083,0.02736,0.95856
trial 801,0.0,0.0,0.0,0.0,9e-05,0.00171,0.00142,0.01074,0.02666,0.95938
trial 802,0.0,0.0,0.0,1e-05,0.00011,0.00159,0.0016,0.01097,0.02667,0.95905
trial 803,0.0,0.0,0.0,1e-05,0.0001,0.00166,0.00147,0.01088,0.02763,0.95825
trial 804,0.0,0.0,0.0,0.0,7e-05,0.00163,0.00148,0.01183,0.02653,0.95846
trial 805,0.0,0.0,0.0,2e-05,6e-05,0.00186,0.00119,0.01132,0.02784,0.95771
trial 806,0.0,0.0,0.0,4e-05,8e-05,0.00164,0.00162,0.01097,0.02814,0.95751
trial 807,0.0,0.0,0.0,2e-05,9e-05,0.00166,0.00152,0.01098,0.02686,0.95887
trial 808,0.0,0.0,0.0,3e-05,0.0001,0.00138,0.00157,0.01113,0.0278,0.95799
trial 809,0.0,0.0,0.0,2e-05,7e-05,0.00181,0.00132,0.01082,0.02732,0.95864
trial 810,0.0,0.0,0.0,0.0,3e-05,0.00177,0.00156,0.01125,0.0274,0.95799
trial 811,0.0,0.0,0.0,5e-05,0.00011,0.00163,0.0014,0.01107,0.02802,0.95772
trial 812,0.0,0.0,0.0,1e-05,0.0001,0.00169,0.00171,0.01142,0.02713,0.95794
trial 813,0.0,0.0,0.0,2e-05,6e-05,0.00172,0.00129,0.01108,0.02751,0.95832
trial 814,0.0,0.0,0.0,4e-05,8e-05,0.00149,0.00148,0.01114,0.02728,0.95849
trial 815,0.0,0.0,0.0,8e-05,8e-05,0.00167,0.00159,0.01064,0.02731,0.95863
trial 816,0.0,0.0,0.0,1e-05,6e-05,0.00156,0.00153,0.01085,0.02717,0.95882
trial 817,0.0,0.0,1e-05,1e-05,8e-05,0.00179,0.00154,0.01096,0.02657,0.95904
trial 818,0.0,0.0,0.0,2e-05,5e-05,0.00156,0.00163,0.01117,0.02751,0.95806
trial 819,0.0,0.0,0.0,2e-05,6e-05,0.0016,0.00124,0.01117,0.02794,0.95797
trial 820,0.0,0.0,0.0,2e-05,7e-05,0.00174,0.00124,0.01095,0.02719,0.95879
trial 821,0.0,0.0,0.0,2e-05,7e-05,0.0018,0.00145,0.01103,0.02826,0.95737
trial 822,0.0,0.0,0.0,1e-05,5e-05,0.00163,0.00149,0.01104,0.02818,0.9576
trial 823,0.0,0.0,0.0,3e-05,4e-05,0.00161,0.0016,0.01137,0.02688,0.95847
trial 824,0.0,0.0,0.0,4e-05,5e-05,0.00153,0.00146,0.0114,0.02749,0.95803
trial 825,0.0,0.0,0.0,2e-05,7e-05,0.00162,0.00162,0.01133,0.02736,0.95798
trial 826,0.0,0.0,0.0,1e-05,2e-05,0.00188,0.0014,0.01227,0.02696,0.95746
trial 827,0.0,0.0,0.0,1e-05,4e-05,0.00156,0.00138,0.01133,0.02753,0.95815
trial 828,0.0,0.0,0.0,2e-05,8e-05,0.00208,0.00159,0.01118,0.02646,0.95859
trial 829,0.0,0.0,0.0,2e-05,5e-05,0.00162,0.00144,0.01116,0.02716,0.95855
trial 830,0.0,0.0,0.0,0.0,4e-05,0.00174,0.00132,0.01149,0.02774,0.95767
trial 831,0.0,0.0,0.0,1e-05,5e-05,0.00159,0.00154,0.01131,0.02754,0.95796
trial 832,0.0,0.0,0.0,3e-05,8e-05,0.00161,0.00141,0.01148,0.02766,0.95773
trial 833,0.0,0.0,0.0,2e-05,0.00012,0.00178,0.00147,0.01117,0.02763,0.95781
trial 834,0.0,0.0,0.0,5e-05,6e-05,0.0015,0.00132,0.01118,0.02778,0.95811
trial 835,0.0,0.0,0.0,2e-05,9e-05,0.00167,0.00127,0.01158,0.02687,0.9585
trial 836,0.0,0.0,0.0,1e-05,5e-05,0.00157,0.00149,0.01117,0.02738,0.95833
trial 837,0.0,0.0,0.0,1e-05,8e-05,0.00168,0.00149,0.01128,0.02739,0.95807
trial 838,0.0,0.0,0.0,2e-05,7e-05,0.0018,0.00114,0.01147,0.02756,0.95794
trial 839,0.0,0.0,0.0,2e-05,7e-05,0.00167,0.00117,0.01142,0.02684,0.95881
trial 840,0.0,0.0,0.0,0.0,7e-05,0.00175,0.00133,0.0118,0.02727,0.95778
trial 841,0.0,0.0,0.0,5e-05,0.00011,0.00173,0.00155,0.01195,0.02711,0.9575
trial 842,0.0,0.0,0.0,2e-05,5e-05,0.00185,0.00143,0.01136,0.02761,0.95768
trial 843,0.0,0.0,2e-05,5e-05,8e-05,0.00162,0.00129,0.01105,0.02647,0.95942
trial 844,0.0,0.0,1e-05,1e-05,2e-05,0.00174,0.0016,0.01128,0.02696,0.95838
trial 845,0.0,0.0,1e-05,3e-05,4e-05,0.00154,0.00144,0.01052,0.02662,0.9598
trial 846,0.0,0.0,0.0,2e-05,7e-05,0.00151,0.00168,0.01138,0.02671,0.95863
trial 847,0.0,0.0,0.0,5e-05,3e-05,0.00143,0.00146,0.01173,0.02691,0.95839
trial 848,0.0,0.0,0.0,2e-05,6e-05,0.00162,0.00137,0.01162,0.02815,0.95716
trial 849,0.0,0.0,0.0,1e-05,0.00012,0.00177,0.00149,0.01161,0.02681,0.95819
trial 850,0.0,0.0,0.0,6e-05,8e-05,0.00181,0.00167,0.01167,0.02764,0.95707
trial 851,0.0,0.0,2e-05,3e-05,3e-05,0.00188,0.00138,0.01115,0.02695,0.95856
trial 852,0.0,0.0,0.0,0.0,6e-05,0.00163,0.00132,0.01164,0.02758,0.95777
trial 853,0.0,0.0,0.0,4e-05,9e-05,0.00179,0.00143,0.01166,0.02633,0.95866
trial 854,0.0,0.0,0.0,0.0,3e-05,0.00163,0.00154,0.0116,0.02724,0.95796
trial 855,0.0,0.0,0.0,3e-05,5e-05,0.00172,0.0012,0.01088,0.0265,0.95962
trial 856,0.0,0.0,0.0,1e-05,9e-05,0.00195,0.00145,0.01141,0.0267,0.95839
trial 857,0.0,0.0,0.0,4e-05,2e-05,0.00169,0.00157,0.0106,0.02789,0.95819
trial 858,0.0,0.0,0.0,4e-05,4e-05,0.00155,0.00137,0.01135,0.02719,0.95846
trial 859,0.0,0.0,0.0,0.0,7e-05,0.00166,0.00161,0.01137,0.02756,0.95773
trial 860,0.0,0.0,0.0,1e-05,4e-05,0.00152,0.00162,0.01116,0.02725,0.9584
trial 861,0.0,0.0,0.0,2e-05,8e-05,0.00158,0.00144,0.01101,0.02685,0.95902
trial 862,0.0,0.0,0.0,3e-05,7e-05,0.00173,0.00125,0.01157,0.02705,0.9583
trial 863,0.0,0.0,0.0,2e-05,0.0001,0.00165,0.00132,0.01099,0.02722,0.9587
trial 864,0.0,0.0,1e-05,2e-05,5e-05,0.00166,0.00168,0.01137,0.02788,0.95733
trial 865,0.0,0.0,1e-05,3e-05,6e-05,0.00179,0.00158,0.01062,0.02692,0.95899
trial 866,0.0,0.0,0.0,2e-05,1e-05,0.00161,0.00151,0.01182,0.02731,0.95772
trial 867,0.0,0.0,0.0,3e-05,0.0001,0.0015,0.00139,0.01066,0.02724,0.95908
trial 868,0.0,0.0,0.0,4e-05,7e-05,0.00154,0.00149,0.0119,0.02766,0.9573
trial 869,0.0,0.0,0.0,2e-05,6e-05,0.00178,0.00141,0.01149,0.02701,0.95823
trial 870,0.0,0.0,0.0,3e-05,5e-05,0.0018,0.00133,0.01098,0.02773,0.95808
trial 871,0.0,0.0,0.0,5e-05,6e-05,0.0016,0.00153,0.01103,0.02696,0.95877
trial 872,0.0,0.0,0.0,4e-05,0.00013,0.00176,0.00132,0.01124,0.02759,0.95792
trial 873,0.0,0.0,0.0,0.0,5e-05,0.00137,0.00141,0.01113,0.02773,0.95831
trial 874,0.0,0.0,0.0,2e-05,5e-05,0.00157,0.00165,0.01132,0.02718,0.95821
trial 875,0.0,0.0,0.0,4e-05,0.00014,0.00157,0.00136,0.01139,0.02764,0.95786
trial 876,0.0,0.0,0.0,1e-05,3e-05,0.00161,0.00139,0.011,0.02742,0.95854
trial 877,0.0,0.0,0.0,2e-05,5e-05,0.00166,0.00153,0.01088,0.02716,0.9587
trial 878,0.0,0.0,0.0,2e-05,8e-05,0.00149,0.00128,0.01095,0.02734,0.95884
trial 879,0.0,0.0,0.0,0.0,0.00012,0.00163,0.00147,0.01113,0.02736,0.95829
trial 880,0.0,0.0,1e-05,4e-05,3e-05,0.00169,0.0016,0.01079,0.027,0.95884
trial 881,0.0,0.0,0.0,3e-05,4e-05,0.00182,0.00139,0.01149,0.02695,0.95828
trial 882,0.0,0.0,0.0,1e-05,0.00011,0.00166,0.00126,0.01114,0.02702,0.9588
trial 883,0.0,0.0,1e-05,3e-05,4e-05,0.00158,0.00162,0.01102,0.0272,0.9585
trial 884,0.0,0.0,0.0,2e-05,7e-05,0.00172,0.00138,0.01108,0.02755,0.95818
trial 885,0.0,0.0,0.0,5e-05,5e-05,0.00155,0.00159,0.01108,0.02742,0.95826
trial 886,0.0,0.0,0.0,2e-05,9e-05,0.00154,0.00133,0.01088,0.0276,0.95854
trial 887,0.0,0.0,1e-05,1e-05,6e-05,0.00187,0.00157,0.01125,0.02697,0.95826
trial 888,0.0,0.0,1e-05,3e-05,0.0,0.00176,0.00117,0.01135,0.02696,0.95872
trial 889,0.0,0.0,0.0,3e-05,5e-05,0.00176,0.00143,0.0114,0.02678,0.95855
trial 890,0.0,0.0,0.0,1e-05,5e-05,0.00166,0.00164,0.01071,0.02741,0.95852
trial 891,0.0,0.0,0.0,3e-05,5e-05,0.00164,0.00133,0.01091,0.02688,0.95916
trial 892,0.0,0.0,0.0,1e-05,7e-05,0.00179,0.0015,0.01041,0.02679,0.95943
trial 893,0.0,0.0,0.0,2e-05,5e-05,0.00188,0.00164,0.01147,0.02664,0.9583
trial 894,0.0,0.0,0.0,2e-05,0.00011,0.00157,0.00154,0.01112,0.02791,0.95773
trial 895,0.0,0.0,0.0,1e-05,5e-05,0.00159,0.00134,0.012,0.02652,0.95849
trial 896,0.0,0.0,0.0,2e-05,7e-05,0.00165,0.00144,0.0116,0.02801,0.95721
trial 897,0.0,0.0,0.0,3e-05,8e-05,0.00173,0.00151,0.01071,0.02713,0.95881
trial 898,0.0,0.0,0.0,0.0,8e-05,0.00188,0.00129,0.01158,0.02717,0.958
trial 899,0.0,0.0,0.0,2e-05,7e-05,0.00156,0.00141,0.01131,0.02745,0.95818
trial 900,0.0,0.0,1e-05,4e-05,0.0001,0.00172,0.00139,0.01065,0.02728,0.95881
trial 901,0.0,0.0,0.0,2e-05,7e-05,0.00159,0.00118,0.01084,0.02812,0.95818
trial 902,0.0,0.0,1e-05,4e-05,0.00012,0.00159,0.00153,0.01146,0.02669,0.95856
trial 903,0.0,0.0,0.0,3e-05,5e-05,0.00157,0.00139,0.0113,0.02828,0.95738
trial 904,0.0,0.0,0.0,3e-05,8e-05,0.00173,0.00147,0.0109,0.02767,0.95812
trial 905,0.0,0.0,0.0,3e-05,0.00012,0.00168,0.00157,0.01106,0.02728,0.95826
trial 906,0.0,0.0,1e-05,1e-05,0.00012,0.0015,0.00127,0.01156,0.02726,0.95827
trial 907,0.0,0.0,0.0,3e-05,5e-05,0.00175,0.00161,0.01122,0.02732,0.95802
trial 908,0.0,0.0,0.0,0.0,5e-05,0.00175,0.00151,0.01081,0.02742,0.95846
trial 909,0.0,0.0,0.0,2e-05,4e-05,0.0019,0.00149,0.01047,0.02643,0.95965
trial 910,0.0,0.0,0.0,4e-05,7e-05,0.00188,0.00141,0.01108,0.02724,0.95828
trial 911,0.0,0.0,0.0,2e-05,4e-05,0.00172,0.00167,0.011,0.02695,0.9586
trial 912,0.0,0.0,0.0,2e-05,9e-05,0.00177,0.00133,0.01134,0.02755,0.9579
trial 913,0.0,0.0,0.0,0.0,3e-05,0.00146,0.0014,0.01102,0.02758,0.95851
trial 914,0.0,0.0,0.0,7e-05,7e-05,0.00147,0.00155,0.01169,0.02649,0.95866
trial 915,0.0,0.0,0.0,5e-05,4e-05,0.00149,0.00138,0.01189,0.02713,0.95802
trial 916,0.0,0.0,0.0,5e-05,6e-05,0.00175,0.0016,0.01136,0.02662,0.95856
trial 917,0.0,0.0,0.0,2e-05,5e-05,0.0018,0.00131,0.01069,0.028,0.95813
trial 918,0.0,0.0,0.0,5e-05,5e-05,0.00158,0.00143,0.0112,0.02695,0.95874
trial 919,0.0,0.0,0.0,3e-05,5e-05,0.00175,0.00142,0.01127,0.02721,0.95827
trial 920,0.0,0.0,0.0,4e-05,0.00011,0.00168,0.00148,0.01086,0.02672,0.95911
trial 921,0.0,0.0,0.0,2e-05,0.00012,0.00154,0.00172,0.01119,0.02626,0.95915
trial 922,0.0,0.0,0.0,6e-05,2e-05,0.00157,0.00132,0.01022,0.02747,0.95934
trial 923,0.0,0.0,0.0,2e-05,3e-05,0.0018,0.00161,0.0112,0.02763,0.95771
trial 924,0.0,0.0,0.0,1e-05,8e-05,0.00156,0.0016,0.01109,0.02708,0.95858
trial 925,0.0,0.0,0.0,3e-05,3e-05,0.00171,0.00147,0.01134,0.02668,0.95874
trial 926,0.0,0.0,0.0,4e-05,0.00012,0.00175,0.00151,0.01062,0.02763,0.95833
trial 927,0.0,0.0,0.0,2e-05,6e-05,0.00159,0.00144,0.0113,0.02743,0.95816
trial 928,0.0,0.0,0.0,2e-05,0.00011,0.00145,0.0015,0.01123,0.02781,0.95788
trial 929,0.0,0.0,0.0,3e-05,9e-05,0.00155,0.00136,0.01119,0.02659,0.95919
trial 930,0.0,0.0,1e-05,2e-05,8e-05,0.00145,0.0013,0.01076,0.02741,0.95897
trial 931,0.0,0.0,0.0,1e-05,9e-05,0.00171,0.00147,0.01074,0.02687,0.95911
trial 932,0.0,0.0,0.0,2e-05,0.0001,0.00163,0.00153,0.01128,0.02751,0.95793
trial 933,0.0,0.0,0.0,2e-05,7e-05,0.00159,0.00156,0.01114,0.02789,0.95773
trial 934,0.0,0.0,0.0,1e-05,8e-05,0.00184,0.00151,0.01164,0.02699,0.95793
trial 935,0.0,0.0,0.0,1e-05,2e-05,0.00156,0.00143,0.01104,0.02828,0.95766
trial 936,0.0,0.0,0.0,0.0,5e-05,0.00168,0.00158,0.01147,0.02676,0.95846
trial 937,0.0,0.0,0.0,3e-05,4e-05,0.00154,0.00135,0.01067,0.02627,0.9601
trial 938,0.0,0.0,0.0,3e-05,6e-05,0.00163,0.00146,0.01103,0.02712,0.95867
trial 939,0.0,0.0,0.0,3e-05,8e-05,0.00177,0.00147,0.01121,0.02744,0.958
trial 940,0.0,0.0,1e-05,2e-05,6e-05,0.00147,0.00144,0.01146,0.02773,0.95781
trial 941,0.0,0.0,0.0,2e-05,4e-05,0.00176,0.0014,0.01107,0.02824,0.95747
trial 942,0.0,0.0,0.0,1e-05,8e-05,0.00155,0.00142,0.01156,0.0265,0.95888
trial 943,0.0,0.0,0.0,3e-05,4e-05,0.00165,0.00136,0.01119,0.02674,0.95899
trial 944,0.0,0.0,1e-05,5e-05,4e-05,0.00169,0.00122,0.01107,0.02738,0.95854
trial 945,0.0,0.0,0.0,5e-05,0.0001,0.00172,0.00124,0.0113,0.02714,0.95845
trial 946,0.0,0.0,0.0,4e-05,7e-05,0.00184,0.00148,0.01099,0.02898,0.9566
trial 947,0.0,0.0,0.0,5e-05,5e-05,0.00179,0.00151,0.01116,0.02741,0.95803
trial 948,0.0,0.0,0.0,1e-05,5e-05,0.0018,0.00149,0.01052,0.02756,0.95857
trial 949,0.0,0.0,0.0,3e-05,4e-05,0.00155,0.00135,0.01151,0.02731,0.95821
trial 950,0.0,0.0,0.0,1e-05,6e-05,0.0015,0.00148,0.01088,0.02695,0.95912
trial 951,0.0,0.0,0.0,5e-05,9e-05,0.00176,0.00152,0.01111,0.02716,0.95831
trial 952,0.0,0.0,0.0,2e-05,9e-05,0.0017,0.00153,0.01225,0.02758,0.95683
trial 953,0.0,0.0,0.0,0.0,7e-05,0.00159,0.00146,0.01069,0.02751,0.95868
trial 954,0.0,0.0,0.0,3e-05,8e-05,0.00178,0.00152,0.01116,0.02767,0.95776
trial 955,0.0,0.0,0.0,3e-05,8e-05,0.00168,0.0016,0.01128,0.02725,0.95808
trial 956,0.0,0.0,0.0,6e-05,5e-05,0.00159,0.0014,0.01111,0.02772,0.95807
trial 957,0.0,0.0,0.0,4e-05,7e-05,0.00179,0.00139,0.01085,0.02664,0.95922
trial 958,0.0,0.0,0.0,3e-05,0.0001,0.00143,0.00127,0.01119,0.02753,0.95845
trial 959,0.0,0.0,0.0,1e-05,4e-05,0.00153,0.0016,0.01146,0.0278,0.95756
trial 960,0.0,0.0,0.0,4e-05,0.00011,0.00172,0.00159,0.0111,0.02752,0.95792
trial 961,0.0,0.0,0.0,3e-05,5e-05,0.00163,0.00123,0.01159,0.02742,0.95805
trial 962,0.0,0.0,0.0,2e-05,9e-05,0.00174,0.00129,0.01079,0.02746,0.95861
trial 963,0.0,0.0,0.0,1e-05,5e-05,0.00154,0.00142,0.01101,0.02764,0.95833
trial 964,0.0,0.0,0.0,1e-05,5e-05,0.00182,0.00125,0.01127,0.02801,0.95759
trial 965,0.0,0.0,0.0,2e-05,8e-05,0.00151,0.00157,0.01147,0.02624,0.95911
trial 966,0.0,0.0,0.0,3e-05,9e-05,0.00156,0.00154,0.01062,0.0275,0.95866
trial 967,0.0,0.0,0.0,2e-05,5e-05,0.00179,0.00133,0.0109,0.02723,0.95868
trial 968,0.0,0.0,0.0,4e-05,7e-05,0.00176,0.00164,0.01119,0.0275,0.9578
trial 969,0.0,0.0,0.0,2e-05,1e-05,0.00164,0.00155,0.01108,0.02684,0.95886
trial 970,0.0,0.0,0.0,4e-05,4e-05,0.00151,0.00153,0.01065,0.02636,0.95987
trial 971,0.0,0.0,0.0,1e-05,7e-05,0.00165,0.00138,0.01154,0.02757,0.95778
trial 972,0.0,0.0,1e-05,4e-05,7e-05,0.00167,0.00152,0.01111,0.02688,0.9587
trial 973,0.0,0.0,0.0,1e-05,9e-05,0.00154,0.00143,0.01152,0.02693,0.95848
trial 974,0.0,0.0,1e-05,3e-05,0.00013,0.00187,0.00146,0.01098,0.02774,0.95778
trial 975,0.0,0.0,0.0,3e-05,3e-05,0.00188,0.00146,0.01122,0.02738,0.958
trial 976,0.0,0.0,0.0,6e-05,4e-05,0.00177,0.00138,0.01095,0.02719,0.95861
trial 977,0.0,0.0,0.0,1e-05,6e-05,0.00176,0.00151,0.01101,0.0278,0.95785
trial 978,0.0,0.0,0.0,2e-05,3e-05,0.00167,0.00157,0.01098,0.02734,0.95839
trial 979,0.0,0.0,0.0,3e-05,1e-05,0.0016,0.00136,0.01131,0.02647,0.95922
trial 980,0.0,0.0,0.0,1e-05,6e-05,0.00158,0.00174,0.01114,0.02717,0.9583
trial 981,0.0,0.0,0.0,3e-05,7e-05,0.00148,0.0014,0.01109,0.02816,0.95777
trial 982,0.0,0.0,0.0,2e-05,6e-05,0.00171,0.00143,0.01106,0.0275,0.95822
trial 983,0.0,0.0,0.0,3e-05,6e-05,0.00163,0.00153,0.0111,0.02743,0.95822
trial 984,0.0,0.0,0.0,2e-05,6e-05,0.0015,0.00151,0.01138,0.02739,0.95814
trial 985,0.0,0.0,0.0,5e-05,0.00013,0.00154,0.00147,0.01149,0.02736,0.95796
trial 986,0.0,0.0,0.0,1e-05,7e-05,0.00162,0.00159,0.01116,0.02623,0.95932
trial 987,0.0,0.0,0.0,4e-05,8e-05,0.00172,0.00137,0.01114,0.02684,0.95881
trial 988,0.0,0.0,0.0,5e-05,0.00011,0.00167,0.00147,0.01122,0.02743,0.95805
trial 989,0.0,0.0,1e-05,2e-05,0.0001,0.00162,0.00142,0.0116,0.02714,0.95809
trial 990,0.0,0.0,0.0,3e-05,0.00011,0.00166,0.00138,0.01137,0.02742,0.95803
trial 991,0.0,0.0,0.0,3e-05,5e-05,0.00148,0.00129,0.01084,0.02675,0.95956
trial 992,0.0,0.0,0.0,2e-05,8e-05,0.00174,0.00147,0.01155,0.02778,0.95736
trial 993,0.0,0.0,0.0,4e-05,8e-05,0.00164,0.00149,0.01124,0.02662,0.95889
trial 994,0.0,0.0,0.0,4e-05,2e-05,0.00151,0.0015,0.01105,0.02666,0.95922
trial 995,0.0,0.0,0.0,3e-05,3e-05,0.00159,0.00139,0.01116,0.02834,0.95746
trial 996,0.0,0.0,0.0,5e-05,5e-05,0.00153,0.00118,0.01166,0.02776,0.95777
trial 997,0.0,0.0,0.0,3e-05,6e-05,0.00163,0.00137,0.01185,0.02764,0.95742
trial 998,0.0,0.0,0.0,4e-05,9e-05,0.00157,0.0011,0.01176,0.02674,0.9587
trial 999,0.0,0.0,0.0,1e-05,6e-05,0.00164,0.00144,0.01106,0.02764,0.95815
trial 1000,0.0,0.0,0.0,1e-05,4e-05,0.00158,0.00136,0.01117,0.0273,0.95854
mean,0.0,4e-08,1.1800000000000001e-06,2.5340000000000005e-05,6.733000000000001e-05,0.0016573199999999999,0.0014421500000000001,0.01118394,0.02728035,0.95834235
computational,3.3049618880057487e-09,7.931908531213796e-08,1.0741126136018683e-06,2.5778702726444837e-05,6.874320727051957e-05,0.0016498369744924696,0.001443607352680911,0.011187956983277061,0.027298615039196027,0.6551667609407046
95%_CI,"(0.0, 0.0)","(8.121442580119603e-10, 7.918785574198803e-08)","(9.613065741774385e-07, 1.3986934258225618e-06)","(2.434027620351754e-05, 2.633972379648247e-05)","(6.566340430481194e-05, 6.899659569518807e-05)","(0.0016492432165760543, 0.0016653967834239455)","(0.0014347092692800886, 0.0014495907307199116)","(0.011163661627910175, 0.011204218372089824)","(0.027248652159266598, 0.0273120478407334)","(0.9583044055578944, 0.9583802944421056)"
